people	grinning	😀	Grinning Face	smile happy joy :D grin
people	smiley	😃	Grinning Face with Big Eyes	smiley happy joy haha :D :) smile funny
people	smile	😄	Grinning Face with Smiling Eyes	smile happy joy funny haha laugh like :D :)
people	grin	😁	Beaming Face with Smiling Eyes	grin happy smile joy kawaii
people	laughing	😆	Grinning Squinting Face	laughing satisfied happy joy lol haha glad XD laugh
people	sweat_smile	😅	Grinning Face with Sweat	smile hot happy laugh relief
people	rolling_on_the_floor_laughing	🤣	Rolling on the Floor Laughing	face lol haha rofl
people	joy	😂	Face with Tears of Joy	cry weep happy happytears haha
people	slightly_smiling_face	🙂	Slightly Smiling Face	smile
people	upside_down_face	🙃	Upside-Down Face	upside down flipped silly smile
people	melting_face	🫠	Melting Face	hot heat
people	wink	😉	Winking Face	wink happy mischievous secret ;) smile eye
people	blush	😊	Smiling Face with Smiling Eyes	blush smile happy flushed crush embarrassed shy joy
people	innocent	😇	Smiling Face with Halo	innocent angel heaven
people	smiling_face_with_3_hearts	🥰	Smiling Face with Hearts	3 love like affection valentines infatuation crush adore
people	heart_eyes	😍	Smiling Face with Heart-Eyes	heart eyes love like affection valentines infatuation crush
people	star-struck	🤩	Star-Struck	star struck grinning face with eyes smile starry
people	kissing_heart	😘	Face Blowing a Kiss	kissing heart love like affection valentines infatuation
people	kissing	😗	Kissing Face	love like 3 valentines infatuation kiss
people	relaxed	☺️	Smiling Face	relaxed blush massage happiness
people	kissing_closed_eyes	😚	Kissing Face with Closed Eyes	love like affection valentines infatuation kiss
people	kissing_smiling_eyes	😙	Kissing Face with Smiling Eyes	affection valentines infatuation kiss
people	smiling_face_with_tear	🥲	Smiling Face with Tear	sad cry pretend
people	yum	😋	Face Savoring Food	yum happy joy tongue smile silly yummy nom delicious savouring
people	stuck_out_tongue	😛	Face with Tongue	stuck out prank childish playful mischievous smile
people	stuck_out_tongue_winking_eye	😜	Winking Face with Tongue	stuck out eye prank childish playful mischievous smile wink
people	zany_face	🤪	Zany Face	grinning with one large and small eye goofy crazy
people	stuck_out_tongue_closed_eyes	😝	Squinting Face with Tongue	stuck out closed eyes prank playful mischievous smile
people	money_mouth_face	🤑	Money-Mouth Face	money mouth rich dollar
people	hugging_face	🤗	Hugging Face	smile hug
people	face_with_hand_over_mouth	🤭	Face with Hand over Mouth	smiling eyes and covering whoops shock surprise
people	face_with_open_eyes_and_hand_over_mouth	🫢	Face with Open Eyes and Hand over Mouth	silence secret shock surprise
people	face_with_peeking_eye	🫣	Face with Peeking Eye	scared frightening embarrassing shy
people	shushing_face	🤫	Shushing Face	with finger covering closed lips quiet shhh
people	thinking_face	🤔	Thinking Face	hmmm think consider
people	saluting_face	🫡	Saluting Face	respect salute
people	zipper_mouth_face	🤐	Zipper-Mouth Face	zipper mouth sealed secret
people	face_with_raised_eyebrow	🤨	Face with Raised Eyebrow	one distrust scepticism disapproval disbelief surprise
people	neutral_face	😐	Neutral Face	indifference meh : 
people	expressionless	😑	Expressionless Face	indifferent -  meh deadpan
people	no_mouth	😶	Face Without Mouth	no hellokitty
people	dotted_line_face	🫥	Dotted Line Face	invisible lonely isolation depression
people	face_in_clouds	😶‍🌫️	Face in Clouds	shower steam dream
people	smirk	😏	Smirking Face	smirk smile mean prank smug sarcasm
people	unamused	😒	Unamused Face	indifference bored straight serious sarcasm unimpressed skeptical dubious side eye
people	face_with_rolling_eyes	🙄	Face with Rolling Eyes	eyeroll frustrated
people	grimacing	😬	Grimacing Face	grimace teeth
people	face_exhaling	😮‍💨	Face Exhaling	relieve relief tired sigh
people	lying_face	🤥	Lying Face	lie pinocchio
people	shaking_face	🫨	Shaking Face	dizzy shock blurry earthquake
people	relieved	😌	Relieved Face	relaxed phew massage happiness
people	pensive	😔	Pensive Face	sad depressed upset
people	sleepy	😪	Sleepy Face	tired rest nap
people	drooling_face	🤤	Drooling Face	
people	sleeping	😴	Sleeping Face	tired sleepy night zzz
people	mask	😷	Face with Medical Mask	sick ill disease covid
people	face_with_thermometer	🤒	Face with Thermometer	sick temperature cold fever covid
people	face_with_head_bandage	🤕	Face with Head-Bandage	head bandage injured clumsy hurt
people	nauseated_face	🤢	Nauseated Face	vomit gross green sick throw up ill
people	face_vomiting	🤮	Face Vomiting	with open mouth sick
people	sneezing_face	🤧	Sneezing Face	gesundheit sneeze sick allergy
people	hot_face	🥵	Hot Face	feverish heat red sweating
people	cold_face	🥶	Cold Face	blue freezing frozen frostbite icicles
people	woozy_face	🥴	Woozy Face	dizzy intoxicated tipsy wavy
people	dizzy_face	😵	Dizzy Face	spent unconscious xox
people	face_with_spiral_eyes	😵‍💫	Face with Spiral Eyes	sick ill confused nauseous nausea
people	exploding_head	🤯	Exploding Head	shocked face with mind blown
people	face_with_cowboy_hat	🤠	Cowboy Hat Face	with cowgirl
people	partying_face	🥳	Partying Face	celebration woohoo
people	disguised_face	🥸	Disguised Face	pretent brows glasses moustache
people	sunglasses	😎	Smiling Face with Sunglasses	cool smile summer beach sunglass
people	nerd_face	🤓	Nerd Face	nerdy geek dork
people	face_with_monocle	🧐	Face with Monocle	stuffy wealthy
people	confused	😕	Confused Face	indifference huh weird hmmm :/
people	face_with_diagonal_mouth	🫤	Face with Diagonal Mouth	skeptic confuse frustrated indifferent
people	worried	😟	Worried Face	concern nervous :(
people	slightly_frowning_face	🙁	Slightly Frowning Face	disappointed sad upset
people	white_frowning_face	☹️	Frowning Face	white sad upset frown
people	open_mouth	😮	Face with Open Mouth	surprise impressed wow whoa :O
people	hushed	😯	Hushed Face	woo shh
people	astonished	😲	Astonished Face	xox surprised poisoned
people	flushed	😳	Flushed Face	blush shy flattered
people	pleading_face	🥺	Pleading Face	begging mercy cry tears sad grievance
people	face_holding_back_tears	🥹	Face Holding Back Tears	touched gratitude cry
people	frowning	😦	Frowning Face with Open Mouth	aw what
people	anguished	😧	Anguished Face	stunned nervous
people	fearful	😨	Fearful Face	scared terrified nervous
people	cold_sweat	😰	Anxious Face with Sweat	cold nervous
people	disappointed_relieved	😥	Sad but Relieved Face	disappointed phew sweat nervous
people	cry	😢	Crying Face	cry tears sad depressed upset :'(
people	sob	😭	Loudly Crying Face	sob cry tears sad upset depressed
people	scream	😱	Face Screaming in Fear	scream munch scared omg
people	confounded	😖	Confounded Face	confused sick unwell oops :S
people	persevere	😣	Persevering Face	persevere sick no upset oops
people	disappointed	😞	Disappointed Face	sad upset depressed :(
people	sweat	😓	Face with Cold Sweat	downcast hot sad tired exercise
people	weary	😩	Weary Face	tired sleepy sad frustrated upset
people	tired_face	😫	Tired Face	sick whine upset frustrated
people	yawning_face	🥱	Yawning Face	tired sleepy
people	triumph	😤	Face with Look of Triumph	steam from nose gas phew proud pride
people	rage	😡	Pouting Face	rage angry mad hate despise
people	angry	😠	Angry Face	mad annoyed frustrated
people	face_with_symbols_on_mouth	🤬	Face with Symbols on Mouth	serious covering swearing cursing cussing profanity expletive
people	smiling_imp	😈	Smiling Face with Horns	imp devil
people	imp	👿	Imp	angry face with horns devil
people	skull	💀	Skull	dead skeleton creepy death
people	skull_and_crossbones	☠️	Skull and Crossbones	poison danger deadly scary death pirate evil
people	hankey	💩	Pile of Poo	hankey poop shit shitface fail turd
people	clown_face	🤡	Clown Face	
people	japanese_ogre	👹	Ogre	japanese monster red mask halloween scary creepy devil demon
people	japanese_goblin	👺	Goblin	japanese red evil mask monster scary creepy
people	ghost	👻	Ghost	halloween spooky scary
people	alien	👽	Alien	UFO paul weird outer space
people	space_invader	👾	Alien Monster	space invader game arcade play
people	wave	👋	Waving Hand	wave hands gesture goodbye solong farewell hello hi palm
people	raised_back_of_hand	🤚	Raised Back of Hand	fingers backhand
people	raised_hand_with_fingers_splayed	🖐️	Hand with Fingers Splayed	raised palm
people	hand	✋	Raised Hand	fingers stop highfive high five palm ban
people	spock-hand	🖖	Vulcan Salute	spock hand fingers star trek
people	rightwards_hand	🫱	Rightwards Hand	palm offer
people	leftwards_hand	🫲	Leftwards Hand	palm offer
people	palm_down_hand	🫳	Palm Down Hand	drop
people	palm_up_hand	🫴	Palm Up Hand	lift offer demand
people	leftwards_pushing_hand	🫷	Leftwards Pushing Hand	highfive high five pressing stop
people	rightwards_pushing_hand	🫸	Rightwards Pushing Hand	highfive high five pressing stop
people	ok_hand	👌	Ok Hand	fingers limbs perfect okay
people	pinched_fingers	🤌	Pinched Fingers	size tiny small
people	pinching_hand	🤏	Pinching Hand	tiny small size
people	v	✌️	Victory Hand	v fingers ohyeah peace two
people	crossed_fingers	🤞	Crossed Fingers	hand with index and middle good lucky
people	hand_with_index_finger_and_thumb_crossed	🫰	Hand with Index Finger and Thumb Crossed	heart love money expensive
people	i_love_you_hand_sign	🤟	Love-You Gesture	i love you hand sign fingers
people	the_horns	🤘	Sign of the Horns	hand fingers evil eye rock on
people	call_me_hand	🤙	Call Me Hand	hands gesture shaka
people	point_left	👈	Backhand Index Pointing Left	point direction fingers hand
people	point_right	👉	Backhand Index Pointing Right	point fingers hand direction
people	point_up_2	👆	Backhand Index Pointing Up	point 2 fingers hand direction
people	middle_finger	🖕	Middle Finger	reversed hand with extended fingers rude flipping
people	point_down	👇	Backhand Index Pointing Down	point fingers hand direction
people	point_up	☝️	Index Pointing Up	point hand fingers direction
people	index_pointing_at_the_viewer	🫵	Index Pointing at the Viewer	you recruit
people	+1	👍	Thumbs Up	+1 thumbsup yes awesome good agree accept cool hand like
people	-1	👎	Thumbs Down	-1 thumbsdown no dislike hand
people	fist	✊	Raised Fist	fingers hand grasp
people	facepunch	👊	Oncoming Fist	facepunch punch angry violence hit attack hand
people	left-facing_fist	🤛	Left-Facing Fist	left facing hand fistbump
people	right-facing_fist	🤜	Right-Facing Fist	right facing hand fistbump
people	clap	👏	Clapping Hands	clap praise applause congrats yay
people	raised_hands	🙌	Raising Hands	raised gesture hooray yea celebration
people	heart_hands	🫶	Heart Hands	love appreciation support
people	open_hands	👐	Open Hands	fingers butterfly
people	palms_up_together	🤲	Palms Up Together	hands gesture cupped prayer
people	handshake	🤝	Handshake	agreement shake
people	pray	🙏	Folded Hands	pray please hope wish namaste highfive high five thank you thanks appreciate
people	writing_hand	✍️	Writing Hand	lower left ballpoint pen stationery write compose
people	nail_care	💅	Nail Polish	care beauty manicure finger fashion
people	selfie	🤳	Selfie	camera phone
people	muscle	💪	Flexed Biceps	muscle arm flex hand summer strong
people	mechanical_arm	🦾	Mechanical Arm	accessibility
people	mechanical_leg	🦿	Mechanical Leg	accessibility
people	leg	🦵	Leg	kick limb
people	foot	🦶	Foot	kick stomp
people	ear	👂	Ear	face hear sound listen
people	ear_with_hearing_aid	🦻	Ear with Hearing Aid	accessibility
people	nose	👃	Nose	smell sniff
people	brain	🧠	Brain	smart intelligent
people	anatomical_heart	🫀	Anatomical Heart	health heartbeat
people	lungs	🫁	Lungs	breathe
people	tooth	🦷	Tooth	teeth dentist
people	bone	🦴	Bone	skeleton
people	eyes	👀	Eyes	look watch stalk peek see
people	eye	👁️	Eye	face look see watch stare
people	tongue	👅	Tongue	mouth playful
people	lips	👄	Mouth	lips kiss
people	biting_lip	🫦	Biting Lip	flirt sexy pain worry
people	baby	👶	Baby	child boy girl toddler
people	child	🧒	Child	gender neutral young
people	boy	👦	Boy	man male guy teenager
people	girl	👧	Girl	female woman teenager
people	adult	🧑	Adult	person gender neutral
people	person_with_blond_hair	👱	Person Blond Hair	with hairstyle
people	man	👨	Man	mustache father dad guy classy sir moustache
people	bearded_person	🧔	Person Beard	bearded man bewhiskered
people	man_with_beard	🧔‍♂️	Man: Beard	man with facial hair
people	woman_with_beard	🧔‍♀️	Woman: Beard	woman with facial hair
people	red_haired_man	👨‍🦰	Man: Red Hair	haired man hairstyle
people	curly_haired_man	👨‍🦱	Man: Curly Hair	haired man hairstyle
people	white_haired_man	👨‍🦳	Man: White Hair	haired man old elder
people	bald_man	👨‍🦲	Man: Bald	man hairless
people	woman	👩	Woman	female girls lady
people	red_haired_woman	👩‍🦰	Woman: Red Hair	haired woman hairstyle
people	red_haired_person	🧑‍🦰	Person: Red Hair	haired person hairstyle
people	curly_haired_woman	👩‍🦱	Woman: Curly Hair	haired woman hairstyle
people	curly_haired_person	🧑‍🦱	Person: Curly Hair	haired person hairstyle
people	white_haired_woman	👩‍🦳	Woman: White Hair	haired woman old elder
people	white_haired_person	🧑‍🦳	Person: White Hair	haired person elder old
people	bald_woman	👩‍🦲	Woman: Bald	woman hairless
people	bald_person	🧑‍🦲	Person: Bald	person hairless
people	blond-haired-woman	👱‍♀️	Woman: Blond Hair	haired-woman woman female girl blonde person
people	blond-haired-man	👱‍♂️	Man: Blond Hair	haired-man man male boy blonde guy person
people	older_adult	🧓	Older Adult	person human elder senior gender neutral
people	older_man	👴	Old Man	older human male men elder senior
people	older_woman	👵	Old Woman	older human female women lady elder senior
people	person_frowning	🙍	Person Frowning	worried
people	man-frowning	🙍‍♂️	Man Frowning	male boy sad depressed discouraged unhappy
people	woman-frowning	🙍‍♀️	Woman Frowning	female girl sad depressed discouraged unhappy
people	person_with_pouting_face	🙎	Person Pouting	with face upset
people	man-pouting	🙎‍♂️	Man Pouting	male boy
people	woman-pouting	🙎‍♀️	Woman Pouting	female girl
people	no_good	🙅	Person Gesturing No	good decline
people	man-gesturing-no	🙅‍♂️	Man Gesturing No	gesturing-no male boy nope
people	woman-gesturing-no	🙅‍♀️	Woman Gesturing No	gesturing-no female girl nope
people	ok_woman	🙆	Person Gesturing Ok	woman agree
people	man-gesturing-ok	🙆‍♂️	Man Gesturing Ok	gesturing-ok men boy male blue human
people	woman-gesturing-ok	🙆‍♀️	Woman Gesturing Ok	gesturing-ok women girl female pink human
people	information_desk_person	💁	Person Tipping Hand	information desk
people	man-tipping-hand	💁‍♂️	Man Tipping Hand	tipping-hand male boy human information
people	woman-tipping-hand	💁‍♀️	Woman Tipping Hand	tipping-hand female girl human information
people	raising_hand	🙋	Person Raising Hand	question
people	man-raising-hand	🙋‍♂️	Man Raising Hand	raising-hand male boy
people	woman-raising-hand	🙋‍♀️	Woman Raising Hand	raising-hand female girl
people	deaf_person	🧏	Deaf Person	accessibility
people	deaf_man	🧏‍♂️	Deaf Man	accessibility
people	deaf_woman	🧏‍♀️	Deaf Woman	accessibility
people	bow	🙇	Person Bowing	bow respectiful
people	man-bowing	🙇‍♂️	Man Bowing	male boy
people	woman-bowing	🙇‍♀️	Woman Bowing	female girl
people	face_palm	🤦	Face Palm	person facepalming disappointed
people	man-facepalming	🤦‍♂️	Man Facepalming	male boy disbelief
people	woman-facepalming	🤦‍♀️	Woman Facepalming	female girl disbelief
people	shrug	🤷	Shrug	person shrugging regardless
people	man-shrugging	🤷‍♂️	Man Shrugging	male boy confused indifferent doubt
people	woman-shrugging	🤷‍♀️	Woman Shrugging	female girl confused indifferent doubt
people	health_worker	🧑‍⚕️	Health Worker	hospital
people	male-doctor	👨‍⚕️	Man Health Worker	male doctor nurse therapist healthcare human
people	female-doctor	👩‍⚕️	Woman Health Worker	female doctor nurse therapist healthcare human
people	student	🧑‍🎓	Student	learn
people	male-student	👨‍🎓	Man Student	male graduate human
people	female-student	👩‍🎓	Woman Student	female graduate human
people	teacher	🧑‍🏫	Teacher	professor
people	male-teacher	👨‍🏫	Man Teacher	male instructor professor human
people	female-teacher	👩‍🏫	Woman Teacher	female instructor professor human
people	judge	🧑‍⚖️	Judge	law
people	male-judge	👨‍⚖️	Man Judge	male justice court human
people	female-judge	👩‍⚖️	Woman Judge	female justice court human
people	farmer	🧑‍🌾	Farmer	crops
people	male-farmer	👨‍🌾	Man Farmer	male rancher gardener human
people	female-farmer	👩‍🌾	Woman Farmer	female rancher gardener human
people	cook	🧑‍🍳	Cook	food kitchen culinary
people	male-cook	👨‍🍳	Man Cook	male chef human
people	female-cook	👩‍🍳	Woman Cook	female chef human
people	mechanic	🧑‍🔧	Mechanic	worker technician
people	male-mechanic	👨‍🔧	Man Mechanic	male plumber human wrench
people	female-mechanic	👩‍🔧	Woman Mechanic	female plumber human wrench
people	factory_worker	🧑‍🏭	Factory Worker	labor
people	male-factory-worker	👨‍🏭	Man Factory Worker	male factory-worker assembly industrial human
people	female-factory-worker	👩‍🏭	Woman Factory Worker	female factory-worker assembly industrial human
people	office_worker	🧑‍💼	Office Worker	business
people	male-office-worker	👨‍💼	Man Office Worker	male office-worker business manager human
people	female-office-worker	👩‍💼	Woman Office Worker	female office-worker business manager human
people	scientist	🧑‍🔬	Scientist	chemistry
people	male-scientist	👨‍🔬	Man Scientist	male biologist chemist engineer physicist human
people	female-scientist	👩‍🔬	Woman Scientist	female biologist chemist engineer physicist human
people	technologist	🧑‍💻	Technologist	computer
people	male-technologist	👨‍💻	Man Technologist	male coder developer engineer programmer software human laptop computer
people	female-technologist	👩‍💻	Woman Technologist	female coder developer engineer programmer software human laptop computer
people	singer	🧑‍🎤	Singer	song artist performer
people	male-singer	👨‍🎤	Man Singer	male rockstar entertainer human
people	female-singer	👩‍🎤	Woman Singer	female rockstar entertainer human
people	artist	🧑‍🎨	Artist	painting draw creativity
people	male-artist	👨‍🎨	Man Artist	male painter human
people	female-artist	👩‍🎨	Woman Artist	female painter human
people	pilot	🧑‍✈️	Pilot	fly plane airplane
people	male-pilot	👨‍✈️	Man Pilot	male aviator plane human
people	female-pilot	👩‍✈️	Woman Pilot	female aviator plane human
people	astronaut	🧑‍🚀	Astronaut	outerspace
people	male-astronaut	👨‍🚀	Man Astronaut	male space rocket human
people	female-astronaut	👩‍🚀	Woman Astronaut	female space rocket human
people	firefighter	🧑‍🚒	Firefighter	fire
people	male-firefighter	👨‍🚒	Man Firefighter	male fireman human
people	female-firefighter	👩‍🚒	Woman Firefighter	female fireman human
people	cop	👮	Police Officer	cop
people	male-police-officer	👮‍♂️	Man Police Officer	male police-officer law legal enforcement arrest 911
people	female-police-officer	👮‍♀️	Woman Police Officer	female police-officer law legal enforcement arrest 911
people	sleuth_or_spy	🕵️	Detective	sleuth or spy human
people	male-detective	🕵️‍♂️	Man Detective	male crime
people	female-detective	🕵️‍♀️	Woman Detective	female human spy
people	guardsman	💂	Guard	guardsman protect
people	male-guard	💂‍♂️	Man Guard	male uk gb british guy royal
people	female-guard	💂‍♀️	Woman Guard	female uk gb british royal
people	ninja	🥷	Ninja	ninjutsu skills japanese
people	construction_worker	👷	Construction Worker	labor build
people	male-construction-worker	👷‍♂️	Man Construction Worker	male construction-worker human wip guy build labor
people	female-construction-worker	👷‍♀️	Woman Construction Worker	female construction-worker human wip build labor
people	person_with_crown	🫅	Person with Crown	royalty power
people	prince	🤴	Prince	boy man male crown royal king
people	princess	👸	Princess	girl woman female blond crown royal queen
people	man_with_turban	👳	Man with Turban	person wearing headdress
people	man-wearing-turban	👳‍♂️	Man Wearing Turban	wearing-turban male indian hinduism arabs
people	woman-wearing-turban	👳‍♀️	Woman Wearing Turban	wearing-turban female indian hinduism arabs
people	man_with_gua_pi_mao	👲	Man with Gua Pi Mao	skullcap male boy chinese
people	person_with_headscarf	🧕	Woman with Headscarf	person female hijab mantilla tichel
people	person_in_tuxedo	🤵	Man in Tuxedo	person couple marriage wedding groom
people	man_in_tuxedo	🤵‍♂️	Man in Tuxedo	formal fashion
people	woman_in_tuxedo	🤵‍♀️	Woman in Tuxedo	formal fashion
people	bride_with_veil	👰	Bride with Veil	couple marriage wedding woman
people	man_with_veil	👰‍♂️	Man with Veil	wedding marriage
people	woman_with_veil	👰‍♀️	Woman with Veil	wedding marriage
people	pregnant_woman	🤰	Pregnant Woman	baby
people	pregnant_man	🫃	Pregnant Man	baby belly
people	pregnant_person	🫄	Pregnant Person	baby belly
people	breast-feeding	🤱	Breast-Feeding	breast feeding nursing baby
people	woman_feeding_baby	👩‍🍼	Woman Feeding Baby	birth food
people	man_feeding_baby	👨‍🍼	Man Feeding Baby	birth food
people	person_feeding_baby	🧑‍🍼	Person Feeding Baby	birth food
people	angel	👼	Baby Angel	heaven wings halo
people	santa	🎅	Santa Claus	festival man male xmas father christmas
people	mrs_claus	🤶	Mrs. Claus	mrs mother christmas woman female xmas
people	mx_claus	🧑‍🎄	Mx Claus	christmas
people	superhero	🦸	Superhero	marvel
people	male_superhero	🦸‍♂️	Man Superhero	male good hero superpowers
people	female_superhero	🦸‍♀️	Woman Superhero	female good heroine superpowers
people	supervillain	🦹	Supervillain	marvel
people	male_supervillain	🦹‍♂️	Man Supervillain	male evil bad criminal hero superpowers
people	female_supervillain	🦹‍♀️	Woman Supervillain	female evil bad criminal heroine superpowers
people	mage	🧙	Mage	magic
people	male_mage	🧙‍♂️	Man Mage	male sorcerer
people	female_mage	🧙‍♀️	Woman Mage	female witch
people	fairy	🧚	Fairy	wings magical
people	male_fairy	🧚‍♂️	Man Fairy	male
people	female_fairy	🧚‍♀️	Woman Fairy	female
people	vampire	🧛	Vampire	blood twilight
people	male_vampire	🧛‍♂️	Man Vampire	male dracula
people	female_vampire	🧛‍♀️	Woman Vampire	female
people	merperson	🧜	Merperson	sea
people	merman	🧜‍♂️	Merman	man male triton
people	mermaid	🧜‍♀️	Mermaid	woman female merwoman ariel
people	elf	🧝	Elf	magical
people	male_elf	🧝‍♂️	Man Elf	male
people	female_elf	🧝‍♀️	Woman Elf	female
people	genie	🧞	Genie	magical wishes
people	male_genie	🧞‍♂️	Man Genie	male
people	female_genie	🧞‍♀️	Woman Genie	female
people	zombie	🧟	Zombie	dead
people	male_zombie	🧟‍♂️	Man Zombie	male dracula undead walking dead
people	female_zombie	🧟‍♀️	Woman Zombie	female undead walking dead
people	troll	🧌	Troll	mystical monster
people	massage	💆	Face Massage	person getting relax
people	man-getting-massage	💆‍♂️	Man Getting Massage	getting-massage male boy head
people	woman-getting-massage	💆‍♀️	Woman Getting Massage	getting-massage female girl head
people	haircut	💇	Haircut	person getting hairstyle
people	man-getting-haircut	💇‍♂️	Man Getting Haircut	getting-haircut male boy
people	woman-getting-haircut	💇‍♀️	Woman Getting Haircut	getting-haircut female girl
people	walking	🚶	Pedestrian	walking person move
people	man-walking	🚶‍♂️	Man Walking	human feet steps
people	woman-walking	🚶‍♀️	Woman Walking	human feet steps female
people	standing_person	🧍	Standing Person	still
people	man_standing	🧍‍♂️	Man Standing	still
people	woman_standing	🧍‍♀️	Woman Standing	still
people	kneeling_person	🧎	Kneeling Person	pray respectful
people	man_kneeling	🧎‍♂️	Man Kneeling	pray respectful
people	woman_kneeling	🧎‍♀️	Woman Kneeling	respectful pray
people	person_with_probing_cane	🧑‍🦯	Person with White Cane	probing blind
people	man_with_probing_cane	👨‍🦯	Man with White Cane	probing blind
people	woman_with_probing_cane	👩‍🦯	Woman with White Cane	probing blind
people	person_in_motorized_wheelchair	🧑‍🦼	Person in Motorized Wheelchair	disability accessibility
people	man_in_motorized_wheelchair	👨‍🦼	Man in Motorized Wheelchair	disability accessibility
people	woman_in_motorized_wheelchair	👩‍🦼	Woman in Motorized Wheelchair	disability accessibility
people	person_in_manual_wheelchair	🧑‍🦽	Person in Manual Wheelchair	disability accessibility
people	man_in_manual_wheelchair	👨‍🦽	Man in Manual Wheelchair	disability accessibility
people	woman_in_manual_wheelchair	👩‍🦽	Woman in Manual Wheelchair	disability accessibility
people	runner	🏃	Runner	running person move
people	man-running	🏃‍♂️	Man Running	walking exercise race
people	woman-running	🏃‍♀️	Woman Running	walking exercise race female
people	dancer	💃	Dancer	woman dancing female girl fun
people	man_dancing	🕺	Man Dancing	male boy fun dancer
people	man_in_business_suit_levitating	🕴️	Person in Suit Levitating	man business levitate hover jump
people	dancers	👯	Woman with Bunny Ears	dancers people perform costume
people	men-with-bunny-ears-partying	👯‍♂️	Men with Bunny Ears	with-bunny-ears-partying man male boys
people	women-with-bunny-ears-partying	👯‍♀️	Women with Bunny Ears	with-bunny-ears-partying woman female girls
people	person_in_steamy_room	🧖	Person in Steamy Room	relax spa
people	man_in_steamy_room	🧖‍♂️	Man in Steamy Room	male spa steamroom sauna
people	woman_in_steamy_room	🧖‍♀️	Woman in Steamy Room	female spa steamroom sauna
people	person_climbing	🧗	Person Climbing	sport
people	man_climbing	🧗‍♂️	Man Climbing	sports hobby male rock
people	woman_climbing	🧗‍♀️	Woman Climbing	sports hobby female rock
people	fencer	🤺	Fencer	person fencing sports sword
people	horse_racing	🏇	Horse Racing	animal betting competition gambling luck
people	skier	⛷️	Skier	sports winter snow
people	snowboarder	🏂	Snowboarder	sports winter
people	golfer	🏌️	Person Golfing	golfer sports business
people	man-golfing	🏌️‍♂️	Man Golfing	sport
people	woman-golfing	🏌️‍♀️	Woman Golfing	sports business female
people	surfer	🏄	Surfer	person surfing sport sea
people	man-surfing	🏄‍♂️	Man Surfing	sports ocean sea summer beach
people	woman-surfing	🏄‍♀️	Woman Surfing	sports ocean sea summer beach female
people	rowboat	🚣	Rowboat	person rowing boat sport move
people	man-rowing-boat	🚣‍♂️	Man Rowing Boat	rowing-boat sports hobby water ship
people	woman-rowing-boat	🚣‍♀️	Woman Rowing Boat	rowing-boat sports hobby water ship female
people	swimmer	🏊	Swimmer	person swimming sport pool
people	man-swimming	🏊‍♂️	Man Swimming	sports exercise human athlete water summer
people	woman-swimming	🏊‍♀️	Woman Swimming	sports exercise human athlete water summer female
people	person_with_ball	⛹️	Person Bouncing Ball	with sports human
people	man-bouncing-ball	⛹️‍♂️	Man Bouncing Ball	bouncing-ball sport
people	woman-bouncing-ball	⛹️‍♀️	Woman Bouncing Ball	bouncing-ball sports human female
people	weight_lifter	🏋️	Person Lifting Weights	weight lifter sports training exercise
people	man-lifting-weights	🏋️‍♂️	Man Lifting Weights	lifting-weights sport
people	woman-lifting-weights	🏋️‍♀️	Woman Lifting Weights	lifting-weights sports training exercise female
people	bicyclist	🚴	Bicyclist	person biking sport move
people	man-biking	🚴‍♂️	Man Biking	sports bike exercise hipster
people	woman-biking	🚴‍♀️	Woman Biking	sports bike exercise hipster female
people	mountain_bicyclist	🚵	Mountain Bicyclist	person biking sport move
people	man-mountain-biking	🚵‍♂️	Man Mountain Biking	mountain-biking transportation sports human race bike
people	woman-mountain-biking	🚵‍♀️	Woman Mountain Biking	mountain-biking transportation sports human race bike female
people	person_doing_cartwheel	🤸	Person Cartwheeling	doing cartwheel sport gymnastic
people	man-cartwheeling	🤸‍♂️	Man Cartwheeling	gymnastics
people	woman-cartwheeling	🤸‍♀️	Woman Cartwheeling	gymnastics
people	wrestlers	🤼	Wrestlers	people wrestling sport
people	man-wrestling	🤼‍♂️	Men Wrestling	man sports wrestlers
people	woman-wrestling	🤼‍♀️	Women Wrestling	woman sports wrestlers
people	water_polo	🤽	Water Polo	person playing sport
people	man-playing-water-polo	🤽‍♂️	Man Playing Water Polo	playing-water-polo sports pool
people	woman-playing-water-polo	🤽‍♀️	Woman Playing Water Polo	playing-water-polo sports pool
people	handball	🤾	Handball	person playing sport
people	man-playing-handball	🤾‍♂️	Man Playing Handball	playing-handball sports
people	woman-playing-handball	🤾‍♀️	Woman Playing Handball	playing-handball sports
people	juggling	🤹	Juggling	person performance balance
people	man-juggling	🤹‍♂️	Man Juggling	juggle balance skill multitask
people	woman-juggling	🤹‍♀️	Woman Juggling	juggle balance skill multitask
people	person_in_lotus_position	🧘	Person in Lotus Position	meditate
people	man_in_lotus_position	🧘‍♂️	Man in Lotus Position	male meditation yoga serenity zen mindfulness
people	woman_in_lotus_position	🧘‍♀️	Woman in Lotus Position	female meditation yoga serenity zen mindfulness
people	bath	🛀	Bath	person taking clean shower bathroom
people	sleeping_accommodation	🛌	Person in Bed	sleeping accommodation rest
people	people_holding_hands	🧑‍🤝‍🧑	People Holding Hands	friendship
people	two_women_holding_hands	👭	Women Holding Hands	two pair friendship couple love like female people human
people	man_and_woman_holding_hands	👫	Man and Woman Holding Hands	couple pair people human love date dating like affection valentines marriage
people	two_men_holding_hands	👬	Men Holding Hands	two pair couple love like bromance friendship people human
people	couplekiss	💏	Kiss	couplekiss pair valentines love like dating marriage
people	woman-kiss-man	👩‍❤️‍💋‍👨	Kiss: Woman, Man	woman kiss-man kiss love
people	man-kiss-man	👨‍❤️‍💋‍👨	Kiss: Man, Man	kiss-man kiss pair valentines love like dating marriage
people	woman-kiss-woman	👩‍❤️‍💋‍👩	Kiss: Woman, Woman	kiss-woman kiss pair valentines love like dating marriage
people	couple_with_heart	💑	Couple with Heart	pair love like affection human dating valentines marriage
people	woman-heart-man	👩‍❤️‍👨	Couple with Heart: Woman, Man	woman heart-man heart love
people	man-heart-man	👨‍❤️‍👨	Couple with Heart: Man, Man	heart-man heart pair love like affection human dating valentines marriage
people	woman-heart-woman	👩‍❤️‍👩	Couple with Heart: Woman, Woman	heart-woman heart pair love like affection human dating valentines marriage
people	family	👪	Family	home parents child mom dad father mother people human
people	man-woman-boy	👨‍👩‍👦	Family: Man, Woman, Boy	man woman-boy family woman love
people	man-woman-girl	👨‍👩‍👧	Family: Man, Woman, Girl	man woman-girl family woman home parents people human child
people	man-woman-girl-boy	👨‍👩‍👧‍👦	Family: Man, Woman, Girl, Boy	man woman-girl-boy family woman girl home parents people human children
people	man-woman-boy-boy	👨‍👩‍👦‍👦	Family: Man, Woman, Boy, Boy	man woman-boy-boy family woman home parents people human children
people	man-woman-girl-girl	👨‍👩‍👧‍👧	Family: Man, Woman, Girl, Girl	man woman-girl-girl family woman home parents people human children
people	man-man-boy	👨‍👨‍👦	Family: Man, Man, Boy	man man-boy family home parents people human children
people	man-man-girl	👨‍👨‍👧	Family: Man, Man, Girl	man man-girl family home parents people human children
people	man-man-girl-boy	👨‍👨‍👧‍👦	Family: Man, Man, Girl, Boy	man man-girl-boy family girl home parents people human children
people	man-man-boy-boy	👨‍👨‍👦‍👦	Family: Man, Man, Boy, Boy	man man-boy-boy family home parents people human children
people	man-man-girl-girl	👨‍👨‍👧‍👧	Family: Man, Man, Girl, Girl	man man-girl-girl family home parents people human children
people	woman-woman-boy	👩‍👩‍👦	Family: Woman, Woman, Boy	woman woman-boy family home parents people human children
people	woman-woman-girl	👩‍👩‍👧	Family: Woman, Woman, Girl	woman woman-girl family home parents people human children
people	woman-woman-girl-boy	👩‍👩‍👧‍👦	Family: Woman, Woman, Girl, Boy	woman woman-girl-boy family girl home parents people human children
people	woman-woman-boy-boy	👩‍👩‍👦‍👦	Family: Woman, Woman, Boy, Boy	woman woman-boy-boy family home parents people human children
people	woman-woman-girl-girl	👩‍👩‍👧‍👧	Family: Woman, Woman, Girl, Girl	woman woman-girl-girl family home parents people human children
people	man-boy	👨‍👦	Family: Man, Boy	man family home parent people human child
people	man-boy-boy	👨‍👦‍👦	Family: Man, Boy, Boy	man boy-boy family home parent people human children
people	man-girl	👨‍👧	Family: Man, Girl	man family home parent people human child
people	man-girl-boy	👨‍👧‍👦	Family: Man, Girl, Boy	man girl-boy family girl home parent people human children
people	man-girl-girl	👨‍👧‍👧	Family: Man, Girl, Girl	man girl-girl family home parent people human children
people	woman-boy	👩‍👦	Family: Woman, Boy	woman family home parent people human child
people	woman-boy-boy	👩‍👦‍👦	Family: Woman, Boy, Boy	woman boy-boy family home parent people human children
people	woman-girl	👩‍👧	Family: Woman, Girl	woman family home parent people human child
people	woman-girl-boy	👩‍👧‍👦	Family: Woman, Girl, Boy	woman girl-boy family girl home parent people human children
people	woman-girl-girl	👩‍👧‍👧	Family: Woman, Girl, Girl	woman girl-girl family home parent people human children
people	speaking_head_in_silhouette	🗣️	Speaking Head	in silhouette user person human sing say talk
people	bust_in_silhouette	👤	Bust in Silhouette	user person human
people	busts_in_silhouette	👥	Busts in Silhouette	user person human group team
people	people_hugging	🫂	People Hugging	care
people	footprints	👣	Footprints	feet tracking walking beach
people	robot_face	🤖	Robot	face computer machine bot
people	smiley_cat	😺	Grinning Cat	smiley animal cats happy smile
people	smile_cat	😸	Grinning Cat with Smiling Eyes	smile animal cats
people	joy_cat	😹	Cat with Tears of Joy	animal cats haha happy
people	heart_eyes_cat	😻	Smiling Cat with Heart-Eyes	heart eyes animal love like affection cats valentines
people	smirk_cat	😼	Cat with Wry Smile	smirk animal cats
people	kissing_cat	😽	Kissing Cat	animal cats kiss
people	scream_cat	🙀	Weary Cat	scream animal cats munch scared
people	crying_cat_face	😿	Crying Cat	face animal tears weep sad cats upset cry
people	pouting_cat	😾	Pouting Cat	animal cats
people	see_no_evil	🙈	See-No-Evil Monkey	see no evil animal nature haha
people	hear_no_evil	🙉	Hear-No-Evil Monkey	hear no evil animal nature
people	speak_no_evil	🙊	Speak-No-Evil Monkey	speak no evil animal nature omg
people	love_letter	💌	Love Letter	email like affection envelope valentines
people	cupid	💘	Heart with Arrow	cupid love like affection valentines
people	gift_heart	💝	Heart with Ribbon	gift love valentines
people	sparkling_heart	💖	Sparkling Heart	love like affection valentines
people	heartpulse	💗	Growing Heart	heartpulse like love affection valentines pink
people	heartbeat	💓	Beating Heart	heartbeat love like affection valentines pink
people	revolving_hearts	💞	Revolving Hearts	love like affection valentines
people	two_hearts	💕	Two Hearts	love like affection valentines heart
people	heart_decoration	💟	Heart Decoration	purple square love like
people	heavy_heart_exclamation_mark_ornament	❣️	Heart Exclamation	heavy mark ornament decoration love
people	broken_heart	💔	Broken Heart	sad sorry break heartbreak
people	heart_on_fire	❤️‍🔥	Heart on Fire	passionate enthusiastic
people	mending_heart	❤️‍🩹	Mending Heart	broken bandage wounded
people	heart	❤️	Red Heart	love like valentines
people	pink_heart	🩷	Pink Heart	valentines
people	orange_heart	🧡	Orange Heart	love like affection valentines
people	yellow_heart	💛	Yellow Heart	love like affection valentines
people	green_heart	💚	Green Heart	love like affection valentines
people	blue_heart	💙	Blue Heart	love like affection valentines
people	light_blue_heart	🩵	Light Blue Heart	ice baby
people	purple_heart	💜	Purple Heart	love like affection valentines
people	brown_heart	🤎	Brown Heart	coffee
people	black_heart	🖤	Black Heart	evil
people	grey_heart	🩶	Grey Heart	silver monochrome
people	white_heart	🤍	White Heart	pure
people	kiss	💋	Kiss Mark	face lips love like affection valentines
people	100	💯	Hundred Points	100 score perfect numbers century exam quiz test pass
people	anger	💢	Anger Symbol	angry mad
people	boom	💥	Collision	boom bomb explode explosion blown
people	dizzy	💫	Dizzy	star sparkle shoot magic
people	sweat_drops	💦	Sweat Droplets	drops water drip oops
people	dash	💨	Dash Symbol	dashing away wind air fast shoo fart smoke puff
people	hole	🕳️	Hole	embarrassing
people	speech_balloon	💬	Speech Balloon	bubble words message talk chatting
people	eye-in-speech-bubble	👁️‍🗨️	Eye in Speech Bubble	in-speech-bubble info
people	left_speech_bubble	🗨️	Left Speech Bubble	words message talk chatting
people	right_anger_bubble	🗯️	Right Anger Bubble	caption speech thinking mad
people	thought_balloon	💭	Thought Balloon	bubble cloud speech thinking dream
people	zzz	💤	Zzz	sleepy tired dream
nature	monkey_face	🐵	Monkey Face	animal nature circus
nature	monkey	🐒	Monkey	animal nature banana circus
nature	gorilla	🦍	Gorilla	animal nature circus
nature	orangutan	🦧	Orangutan	animal
nature	dog	🐶	Dog Face	animal friend nature woof puppy pet faithful
nature	dog2	🐕	Dog	dog2 animal nature friend doge pet faithful
nature	guide_dog	🦮	Guide Dog	animal blind
nature	service_dog	🐕‍🦺	Service Dog	blind animal
nature	poodle	🐩	Poodle	dog animal 101 nature pet
nature	wolf	🐺	Wolf	animal nature wild
nature	fox_face	🦊	Fox	face animal nature
nature	raccoon	🦝	Raccoon	animal nature
nature	cat	🐱	Cat Face	animal meow nature pet kitten
nature	cat2	🐈	Cat	cat2 animal meow pet cats
nature	black_cat	🐈‍⬛	Black Cat	superstition luck
nature	lion_face	🦁	Lion	face animal nature
nature	tiger	🐯	Tiger Face	animal cat danger wild nature roar
nature	tiger2	🐅	Tiger	tiger2 animal nature roar
nature	leopard	🐆	Leopard	animal nature
nature	horse	🐴	Horse Face	animal brown nature
nature	moose	🫎	Moose	shrek canada sweden sven cool
nature	donkey	🫏	Donkey	eeyore mule
nature	racehorse	🐎	Horse	racehorse animal gamble luck
nature	unicorn_face	🦄	Unicorn	face animal nature mystical
nature	zebra_face	🦓	Zebra	face animal nature stripes safari
nature	deer	🦌	Deer	animal nature horns venison
nature	bison	🦬	Bison	ox
nature	cow	🐮	Cow Face	beef ox animal nature moo milk
nature	ox	🐂	Ox	animal cow beef
nature	water_buffalo	🐃	Water Buffalo	animal nature ox cow
nature	cow2	🐄	Cow	cow2 beef ox animal nature moo milk
nature	pig	🐷	Pig Face	animal oink nature
nature	pig2	🐖	Pig	pig2 animal nature
nature	boar	🐗	Boar	animal nature
nature	pig_nose	🐽	Pig Nose	animal oink
nature	ram	🐏	Ram	animal sheep nature
nature	sheep	🐑	Ewe	sheep animal nature wool shipit
nature	goat	🐐	Goat	animal nature
nature	dromedary_camel	🐪	Camel	dromedary animal hot desert hump
nature	camel	🐫	Bactrian Camel	two hump animal nature hot desert
nature	llama	🦙	Llama	animal nature alpaca
nature	giraffe_face	🦒	Giraffe	face animal nature spots safari
nature	elephant	🐘	Elephant	animal nature nose th circus
nature	mammoth	🦣	Mammoth	elephant tusks
nature	rhinoceros	🦏	Rhinoceros	animal nature horn
nature	hippopotamus	🦛	Hippopotamus	animal nature
nature	mouse	🐭	Mouse Face	animal nature cheese wedge rodent
nature	mouse2	🐁	Mouse	mouse2 animal nature rodent
nature	rat	🐀	Rat	animal mouse rodent
nature	hamster	🐹	Hamster	animal nature
nature	rabbit	🐰	Rabbit Face	animal nature pet spring magic bunny
nature	rabbit2	🐇	Rabbit	rabbit2 animal nature pet magic spring
nature	chipmunk	🐿️	Chipmunk	animal nature rodent squirrel
nature	beaver	🦫	Beaver	animal rodent
nature	hedgehog	🦔	Hedgehog	animal nature spiny
nature	bat	🦇	Bat	animal nature blind vampire
nature	bear	🐻	Bear	animal nature wild
nature	polar_bear	🐻‍❄️	Polar Bear	animal arctic
nature	koala	🐨	Koala	animal nature
nature	panda_face	🐼	Panda	face animal nature
nature	sloth	🦥	Sloth	animal
nature	otter	🦦	Otter	animal
nature	skunk	🦨	Skunk	animal
nature	kangaroo	🦘	Kangaroo	animal nature australia joey hop marsupial
nature	badger	🦡	Badger	animal nature honey
nature	feet	🐾	Paw Prints	feet animal tracking footprints dog cat pet
nature	turkey	🦃	Turkey	animal bird
nature	chicken	🐔	Chicken	animal cluck nature bird
nature	rooster	🐓	Rooster	animal nature chicken
nature	hatching_chick	🐣	Hatching Chick	animal chicken egg born baby bird
nature	baby_chick	🐤	Baby Chick	animal chicken bird
nature	hatched_chick	🐥	Front-Facing Baby Chick	hatched front facing animal chicken bird
nature	bird	🐦	Bird	animal nature fly tweet spring
nature	penguin	🐧	Penguin	animal nature
nature	dove_of_peace	🕊️	Dove	of peace animal bird
nature	eagle	🦅	Eagle	animal nature bird
nature	duck	🦆	Duck	animal nature bird mallard
nature	swan	🦢	Swan	animal nature bird
nature	owl	🦉	Owl	animal nature bird hoot
nature	dodo	🦤	Dodo	animal bird
nature	feather	🪶	Feather	bird fly
nature	flamingo	🦩	Flamingo	animal
nature	peacock	🦚	Peacock	animal nature peahen bird
nature	parrot	🦜	Parrot	animal nature bird pirate talk
nature	wing	🪽	Wing	angel birds flying
nature	black_bird	🐦‍⬛	Black Bird	crow
nature	goose	🪿	Goose	silly jemima goosebumps
nature	frog	🐸	Frog	animal nature croak toad
nature	crocodile	🐊	Crocodile	animal nature reptile lizard alligator
nature	turtle	🐢	Turtle	animal slow nature tortoise
nature	lizard	🦎	Lizard	animal nature reptile
nature	snake	🐍	Snake	animal evil nature hiss python
nature	dragon_face	🐲	Dragon Face	animal myth nature chinese green
nature	dragon	🐉	Dragon	animal myth nature chinese green
nature	sauropod	🦕	Sauropod	animal nature dinosaur brachiosaurus brontosaurus diplodocus extinct
nature	t-rex	🦖	T-Rex	t rex animal nature dinosaur tyrannosaurus extinct
nature	whale	🐳	Spouting Whale	animal nature sea ocean
nature	whale2	🐋	Whale	whale2 animal nature sea ocean
nature	dolphin	🐬	Dolphin	flipper animal nature fish sea ocean fins beach
nature	seal	🦭	Seal	animal creature sea
nature	fish	🐟	Fish	animal food nature
nature	tropical_fish	🐠	Tropical Fish	animal swim ocean beach nemo
nature	blowfish	🐡	Blowfish	animal nature food sea ocean
nature	shark	🦈	Shark	animal nature fish sea ocean jaws fins beach
nature	octopus	🐙	Octopus	animal creature ocean sea nature beach
nature	shell	🐚	Spiral Shell	nature sea beach
nature	coral	🪸	Coral	ocean sea reef
nature	jellyfish	🪼	Jellyfish	sting tentacles
nature	snail	🐌	Snail	slow animal shell
nature	butterfly	🦋	Butterfly	animal insect nature caterpillar
nature	bug	🐛	Bug	animal insect nature worm
nature	ant	🐜	Ant	animal insect nature bug
nature	bee	🐝	Honeybee	bee animal insect nature bug spring honey
nature	beetle	🪲	Beetle	insect
nature	ladybug	🐞	Lady Beetle	ladybug animal insect nature
nature	cricket	🦗	Cricket	animal chirp
nature	cockroach	🪳	Cockroach	insect pests
nature	spider	🕷️	Spider	animal arachnid
nature	spider_web	🕸️	Spider Web	animal insect arachnid silk
nature	scorpion	🦂	Scorpion	animal arachnid
nature	mosquito	🦟	Mosquito	animal nature insect malaria
nature	fly	🪰	Fly	insect
nature	worm	🪱	Worm	animal
nature	microbe	🦠	Microbe	amoeba bacteria germs virus covid
nature	bouquet	💐	Bouquet	flowers nature spring
nature	cherry_blossom	🌸	Cherry Blossom	nature plant spring flower
nature	white_flower	💮	White Flower	japanese spring
nature	lotus	🪷	Lotus	flower calm meditation
nature	rosette	🏵️	Rosette	flower decoration military
nature	rose	🌹	Rose	flowers valentines love spring
nature	wilted_flower	🥀	Wilted Flower	plant nature rose
nature	hibiscus	🌺	Hibiscus	plant vegetable flowers beach
nature	sunflower	🌻	Sunflower	nature plant fall
nature	blossom	🌼	Blossom	nature flowers yellow
nature	tulip	🌷	Tulip	flowers plant nature summer spring
nature	hyacinth	🪻	Hyacinth	flower lavender
nature	seedling	🌱	Seedling	plant nature grass lawn spring
nature	potted_plant	🪴	Potted Plant	greenery house
nature	evergreen_tree	🌲	Evergreen Tree	plant nature
nature	deciduous_tree	🌳	Deciduous Tree	plant nature
nature	palm_tree	🌴	Palm Tree	plant vegetable nature summer beach mojito tropical
nature	cactus	🌵	Cactus	vegetable plant nature
nature	ear_of_rice	🌾	Ear of Rice	sheaf nature plant
nature	herb	🌿	Herb	vegetable plant medicine weed grass lawn
nature	shamrock	☘️	Shamrock	vegetable plant nature irish clover
nature	four_leaf_clover	🍀	Four Leaf Clover	vegetable plant nature lucky irish
nature	maple_leaf	🍁	Maple Leaf	nature plant vegetable ca fall
nature	fallen_leaf	🍂	Fallen Leaf	nature plant vegetable leaves
nature	leaves	🍃	Leaf Fluttering in Wind	leaves nature plant tree vegetable grass lawn spring
nature	empty_nest	🪹	Empty Nest	bird
nature	nest_with_eggs	🪺	Nest with Eggs	bird
nature	mushroom	🍄	Mushroom	plant vegetable
foods	grapes	🍇	Grapes	fruit food wine
foods	melon	🍈	Melon	fruit nature food
foods	watermelon	🍉	Watermelon	fruit food picnic summer
foods	tangerine	🍊	Tangerine	food fruit nature orange
foods	lemon	🍋	Lemon	fruit nature
foods	banana	🍌	Banana	fruit food monkey
foods	pineapple	🍍	Pineapple	fruit nature food
foods	mango	🥭	Mango	fruit food tropical
foods	apple	🍎	Red Apple	fruit mac school
foods	green_apple	🍏	Green Apple	fruit nature
foods	pear	🍐	Pear	fruit nature food
foods	peach	🍑	Peach	fruit nature food
foods	cherries	🍒	Cherries	food fruit
foods	strawberry	🍓	Strawberry	fruit food nature
foods	blueberries	🫐	Blueberries	fruit
foods	kiwifruit	🥝	Kiwifruit	kiwi fruit food
foods	tomato	🍅	Tomato	fruit vegetable nature food
foods	olive	🫒	Olive	fruit
foods	coconut	🥥	Coconut	fruit nature food palm
foods	avocado	🥑	Avocado	fruit food
foods	eggplant	🍆	Eggplant	vegetable nature food aubergine
foods	potato	🥔	Potato	food tuber vegatable starch
foods	carrot	🥕	Carrot	vegetable food orange
foods	corn	🌽	Ear of Corn	food vegetable plant
foods	hot_pepper	🌶️	Hot Pepper	food spicy chilli chili
foods	bell_pepper	🫑	Bell Pepper	fruit plant
foods	cucumber	🥒	Cucumber	fruit food pickle
foods	leafy_green	🥬	Leafy Green	food vegetable plant bok choy cabbage kale lettuce
foods	broccoli	🥦	Broccoli	fruit food vegetable
foods	garlic	🧄	Garlic	food spice cook
foods	onion	🧅	Onion	cook food spice
foods	peanuts	🥜	Peanuts	food nut
foods	beans	🫘	Beans	food
foods	chestnut	🌰	Chestnut	food squirrel
foods	ginger_root	🫚	Ginger Root	spice yellow cooking gingerbread
foods	pea_pod	🫛	Pea Pod	cozy green
foods	bread	🍞	Bread	food wheat breakfast toast
foods	croissant	🥐	Croissant	food bread french
foods	baguette_bread	🥖	Baguette Bread	food french france bakery
foods	flatbread	🫓	Flatbread	flour food bakery
foods	pretzel	🥨	Pretzel	food bread twisted germany bakery
foods	bagel	🥯	Bagel	food bread bakery schmear jewish
foods	pancakes	🥞	Pancakes	food breakfast flapjacks hotcakes brunch
foods	waffle	🧇	Waffle	food breakfast brunch
foods	cheese_wedge	🧀	Cheese Wedge	food chadder swiss
foods	meat_on_bone	🍖	Meat on Bone	good food drumstick
foods	poultry_leg	🍗	Poultry Leg	food meat drumstick bird chicken turkey
foods	cut_of_meat	🥩	Cut of Meat	food cow chop lambchop porkchop
foods	bacon	🥓	Bacon	food breakfast pork pig meat brunch
foods	hamburger	🍔	Hamburger	meat fast food beef cheeseburger mcdonalds burger king
foods	fries	🍟	French Fries	chips snack fast food potato
foods	pizza	🍕	Pizza	food party italy
foods	hotdog	🌭	Hot Dog	hotdog food frankfurter america
foods	sandwich	🥪	Sandwich	food lunch bread toast bakery
foods	taco	🌮	Taco	food mexican
foods	burrito	🌯	Burrito	food mexican
foods	tamale	🫔	Tamale	food masa
foods	stuffed_flatbread	🥙	Stuffed Flatbread	food gyro mediterranean
foods	falafel	🧆	Falafel	food mediterranean
foods	egg	🥚	Egg	food chicken breakfast
foods	fried_egg	🍳	Cooking	fried egg food breakfast kitchen skillet
foods	shallow_pan_of_food	🥘	Shallow Pan of Food	cooking casserole paella skillet
foods	stew	🍲	Pot of Food	stew meat soup hot
foods	fondue	🫕	Fondue	cheese pot food
foods	bowl_with_spoon	🥣	Bowl with Spoon	food breakfast cereal oatmeal porridge
foods	green_salad	🥗	Green Salad	food healthy lettuce vegetable
foods	popcorn	🍿	Popcorn	food movie theater films snack drama
foods	butter	🧈	Butter	food cook
foods	salt	🧂	Salt	condiment shaker
foods	canned_food	🥫	Canned Food	soup tomatoes
foods	bento	🍱	Bento Box	food japanese lunch
foods	rice_cracker	🍘	Rice Cracker	food japanese snack
foods	rice_ball	🍙	Rice Ball	food japanese
foods	rice	🍚	Cooked Rice	food asian
foods	curry	🍛	Curry Rice	food spicy hot indian
foods	ramen	🍜	Steaming Bowl	ramen food japanese noodle chopsticks
foods	spaghetti	🍝	Spaghetti	food italian pasta noodle
foods	sweet_potato	🍠	Roasted Sweet Potato	food nature plant
foods	oden	🍢	Oden	food japanese
foods	sushi	🍣	Sushi	food fish japanese rice
foods	fried_shrimp	🍤	Fried Shrimp	food animal appetizer summer
foods	fish_cake	🍥	Fish Cake with Swirl	food japan sea beach narutomaki pink kamaboko surimi ramen
foods	moon_cake	🥮	Moon Cake	food autumn dessert
foods	dango	🍡	Dango	food dessert sweet japanese barbecue meat
foods	dumpling	🥟	Dumpling	food empanada pierogi potsticker gyoza
foods	fortune_cookie	🥠	Fortune Cookie	food prophecy dessert
foods	takeout_box	🥡	Takeout Box	food leftovers
foods	crab	🦀	Crab	animal crustacean
foods	lobster	🦞	Lobster	animal nature bisque claws seafood
foods	shrimp	🦐	Shrimp	animal ocean nature seafood
foods	squid	🦑	Squid	animal nature ocean sea
foods	oyster	🦪	Oyster	food
foods	icecream	🍦	Soft Ice Cream	icecream food hot dessert summer
foods	shaved_ice	🍧	Shaved Ice	hot dessert summer
foods	ice_cream	🍨	Ice Cream	food hot dessert
foods	doughnut	🍩	Doughnut	food dessert snack sweet donut
foods	cookie	🍪	Cookie	food snack oreo chocolate sweet dessert
foods	birthday	🎂	Birthday Cake	food dessert
foods	cake	🍰	Shortcake	cake food dessert
foods	cupcake	🧁	Cupcake	food dessert bakery sweet
foods	pie	🥧	Pie	food dessert pastry
foods	chocolate_bar	🍫	Chocolate Bar	food snack dessert sweet
foods	candy	🍬	Candy	snack dessert sweet lolly
foods	lollipop	🍭	Lollipop	food snack candy sweet
foods	custard	🍮	Custard	dessert food
foods	honey_pot	🍯	Honey Pot	bees sweet kitchen
foods	baby_bottle	🍼	Baby Bottle	food container milk
foods	glass_of_milk	🥛	Glass of Milk	beverage drink cow
foods	coffee	☕	Hot Beverage	coffee caffeine latte espresso mug
foods	teapot	🫖	Teapot	drink hot
foods	tea	🍵	Teacup Without Handle	tea drink bowl breakfast green british
foods	sake	🍶	Sake	wine drink drunk beverage japanese alcohol booze
foods	champagne	🍾	Bottle with Popping Cork	champagne drink wine celebration
foods	wine_glass	🍷	Wine Glass	drink beverage drunk alcohol booze
foods	cocktail	🍸	Cocktail Glass	drink drunk alcohol beverage booze mojito
foods	tropical_drink	🍹	Tropical Drink	beverage cocktail summer beach alcohol booze mojito
foods	beer	🍺	Beer Mug	relax beverage drink drunk party pub summer alcohol booze
foods	beers	🍻	Clinking Beer Mugs	beers relax beverage drink drunk party pub summer alcohol booze
foods	clinking_glasses	🥂	Clinking Glasses	beverage drink party alcohol celebrate cheers wine champagne toast
foods	tumbler_glass	🥃	Tumbler Glass	drink beverage drunk alcohol liquor booze bourbon scotch whisky shot
foods	pouring_liquid	🫗	Pouring Liquid	cup water
foods	cup_with_straw	🥤	Cup with Straw	drink soda
foods	bubble_tea	🧋	Bubble Tea	taiwan boba milk straw
foods	beverage_box	🧃	Beverage Box	drink
foods	mate_drink	🧉	Mate	drink tea beverage
foods	ice_cube	🧊	Ice	cube water cold
foods	chopsticks	🥢	Chopsticks	food
foods	knife_fork_plate	🍽️	Fork and Knife with Plate	food eat meal lunch dinner restaurant
foods	fork_and_knife	🍴	Fork and Knife	cutlery kitchen
foods	spoon	🥄	Spoon	cutlery kitchen tableware
foods	hocho	🔪	Hocho	knife kitchen blade cutlery weapon
foods	jar	🫙	Jar	container sauce
foods	amphora	🏺	Amphora	vase jar
activity	jack_o_lantern	🎃	Jack-O-Lantern	jack o lantern halloween light pumpkin creepy fall
activity	christmas_tree	🎄	Christmas Tree	festival vacation december xmas celebration
activity	fireworks	🎆	Fireworks	photo festival carnival congratulations
activity	sparkler	🎇	Sparkler	stars night shine
activity	firecracker	🧨	Firecracker	dynamite boom explode explosion explosive
activity	sparkles	✨	Sparkles	stars shine shiny cool awesome good magic
activity	balloon	🎈	Balloon	party celebration birthday circus
activity	tada	🎉	Party Popper	tada congratulations birthday magic circus celebration
activity	confetti_ball	🎊	Confetti Ball	festival party birthday circus
activity	tanabata_tree	🎋	Tanabata Tree	plant nature branch summer bamboo wish star festival tanzaku
activity	bamboo	🎍	Pine Decoration	bamboo japanese plant nature vegetable panda new years
activity	dolls	🎎	Japanese Dolls	toy kimono
activity	flags	🎏	Carp Streamer	flags fish japanese koinobori banner
activity	wind_chime	🎐	Wind Chime	nature ding spring bell
activity	rice_scene	🎑	Moon Viewing Ceremony	rice scene photo japan asia tsukimi
activity	red_envelope	🧧	Red Envelope	gift
activity	ribbon	🎀	Ribbon	decoration pink girl bowtie
activity	gift	🎁	Wrapped Gift	present birthday christmas xmas
activity	reminder_ribbon	🎗️	Reminder Ribbon	sports cause support awareness
activity	admission_tickets	🎟️	Admission Tickets	sports concert entrance
activity	ticket	🎫	Ticket	event concert pass
activity	medal	🎖️	Military Medal	award winning army
activity	trophy	🏆	Trophy	win award contest place ftw ceremony
activity	sports_medal	🏅	Sports Medal	award winning
activity	first_place_medal	🥇	1st Place Medal	first award winning
activity	second_place_medal	🥈	2nd Place Medal	second award
activity	third_place_medal	🥉	3rd Place Medal	third award
activity	soccer	⚽	Soccer Ball	sports football
activity	baseball	⚾	Baseball	sports balls
activity	softball	🥎	Softball	sports balls
activity	basketball	🏀	Basketball	sports balls NBA
activity	volleyball	🏐	Volleyball	sports balls
activity	football	🏈	American Football	sports balls NFL
activity	rugby_football	🏉	Rugby Football	sports team
activity	tennis	🎾	Tennis	sports balls green
activity	flying_disc	🥏	Flying Disc	sports frisbee ultimate
activity	bowling	🎳	Bowling	sports fun play
activity	cricket_bat_and_ball	🏏	Cricket Game	bat and ball sports
activity	field_hockey_stick_and_ball	🏑	Field Hockey	stick and ball sports
activity	ice_hockey_stick_and_puck	🏒	Ice Hockey	stick and puck sports
activity	lacrosse	🥍	Lacrosse	sports ball stick
activity	table_tennis_paddle_and_ball	🏓	Ping Pong	table tennis paddle and ball sports pingpong
activity	badminton_racquet_and_shuttlecock	🏸	Badminton	racquet and shuttlecock sports
activity	boxing_glove	🥊	Boxing Glove	sports fighting
activity	martial_arts_uniform	🥋	Martial Arts Uniform	judo karate taekwondo
activity	goal_net	🥅	Goal Net	sports
activity	golf	⛳	Flag in Hole	golf sports business summer
activity	ice_skate	⛸️	Ice Skate	sports
activity	fishing_pole_and_fish	🎣	Fishing Pole	and fish food hobby summer
activity	diving_mask	🤿	Diving Mask	sport ocean
activity	running_shirt_with_sash	🎽	Running Shirt	with sash play pageant
activity	ski	🎿	Skis	ski sports winter cold snow
activity	sled	🛷	Sled	sleigh luge toboggan
activity	curling_stone	🥌	Curling Stone	sports
activity	dart	🎯	Bullseye	dart direct hit game play bar target
activity	yo-yo	🪀	Yo-Yo	yo toy
activity	kite	🪁	Kite	wind fly
activity	gun	🔫	Pistol	gun violence weapon revolver
activity	8ball	🎱	Billiards	8ball pool 8 ball hobby game luck magic
activity	crystal_ball	🔮	Crystal Ball	disco party magic circus fortune teller
activity	magic_wand	🪄	Magic Wand	supernature power
activity	video_game	🎮	Video Game	play console PS4 controller
activity	joystick	🕹️	Joystick	game play
activity	slot_machine	🎰	Slot Machine	bet gamble vegas fruit luck casino
activity	game_die	🎲	Game Die	dice random tabletop play luck
activity	jigsaw	🧩	Puzzle Piece	jigsaw interlocking
activity	teddy_bear	🧸	Teddy Bear	plush stuffed
activity	pinata	🪅	Pinata	mexico candy celebration
activity	mirror_ball	🪩	Mirror Ball	disco dance party
activity	nesting_dolls	🪆	Nesting Dolls	matryoshka toy
activity	spades	♠️	Spade Suit	spades poker cards suits magic
activity	hearts	♥️	Heart Suit	hearts poker cards magic suits
activity	diamonds	♦️	Diamond Suit	diamonds poker cards magic suits
activity	clubs	♣️	Club Suit	clubs poker cards magic suits
activity	chess_pawn	♟️	Chess Pawn	expendable
activity	black_joker	🃏	Joker	black poker cards game play magic
activity	mahjong	🀄	Mahjong Red Dragon	game play chinese kanji
activity	flower_playing_cards	🎴	Flower Playing Cards	game sunset red
activity	performing_arts	🎭	Performing Arts	acting theater drama
activity	frame_with_picture	🖼️	Framed Picture	frame with photography
activity	art	🎨	Artist Palette	art design paint draw colors
activity	thread	🧵	Thread	needle sewing spool string
activity	sewing_needle	🪡	Sewing Needle	stitches
activity	yarn	🧶	Yarn	ball crochet knit
activity	knot	🪢	Knot	rope scout
places	earth_africa	🌍	Earth Globe Europe-Africa	africa showing europe world international
places	earth_americas	🌎	Earth Globe Americas	showing world USA international
places	earth_asia	🌏	Earth Globe Asia-Australia	asia showing australia world east international
places	globe_with_meridians	🌐	Globe with Meridians	earth international world internet interweb i18n
places	world_map	🗺️	World Map	location direction
places	japan	🗾	Map of Japan	nation country japanese asia
places	compass	🧭	Compass	magnetic navigation orienteering
places	snow_capped_mountain	🏔️	Snow-Capped Mountain	snow capped photo nature environment winter cold
places	mountain	⛰️	Mountain	photo nature environment
places	volcano	🌋	Volcano	photo nature disaster
places	mount_fuji	🗻	Mount Fuji	photo mountain nature japanese
places	camping	🏕️	Camping	photo outdoors tent
places	beach_with_umbrella	🏖️	Beach with Umbrella	weather summer sunny sand mojito
places	desert	🏜️	Desert	photo warm saharah
places	desert_island	🏝️	Desert Island	photo tropical mojito
places	national_park	🏞️	National Park	photo environment nature
places	stadium	🏟️	Stadium	photo place sports concert venue
places	classical_building	🏛️	Classical Building	art culture history
places	building_construction	🏗️	Building Construction	wip working progress
places	bricks	🧱	Brick	bricks
places	rock	🪨	Rock	stone
places	wood	🪵	Wood	nature timber trunk
places	hut	🛖	Hut	house structure
places	house_buildings	🏘️	Houses	house buildings photo
places	derelict_house_building	🏚️	Derelict House	building abandon evict broken
places	house	🏠	House	building home
places	house_with_garden	🏡	House with Garden	home plant nature
places	office	🏢	Office Building	bureau work
places	post_office	🏣	Japanese Post Office	building envelope communication
places	european_post_office	🏤	Post Office	european building email
places	hospital	🏥	Hospital	building health surgery doctor
places	bank	🏦	Bank	building money sales cash business enterprise
places	hotel	🏨	Hotel	building accomodation checkin
places	love_hotel	🏩	Love Hotel	like affection dating
places	convenience_store	🏪	Convenience Store	building shopping groceries
places	school	🏫	School	building student education learn teach
places	department_store	🏬	Department Store	building shopping mall
places	factory	🏭	Factory	building industry pollution smoke
places	japanese_castle	🏯	Japanese Castle	photo building
places	european_castle	🏰	Castle	european building royalty history
places	wedding	💒	Wedding	love like affection couple marriage bride groom
places	tokyo_tower	🗼	Tokyo Tower	photo japanese
places	statue_of_liberty	🗽	Statue of Liberty	american newyork
places	church	⛪	Church	building religion christ
places	mosque	🕌	Mosque	islam worship minaret
places	hindu_temple	🛕	Hindu Temple	religion
places	synagogue	🕍	Synagogue	judaism worship temple jewish
places	shinto_shrine	⛩️	Shinto Shrine	temple japan kyoto
places	kaaba	🕋	Kaaba	mecca mosque islam
places	fountain	⛲	Fountain	photo summer water fresh
places	tent	⛺	Tent	photo camping outdoors
places	foggy	🌁	Foggy	photo mountain
places	night_with_stars	🌃	Night with Stars	evening city downtown
places	cityscape	🏙️	Cityscape	photo night life urban
places	sunrise_over_mountains	🌄	Sunrise over Mountains	view vacation photo
places	sunrise	🌅	Sunrise	morning view vacation photo
places	city_sunset	🌆	Cityscape at Dusk	city sunset photo evening sky buildings
places	city_sunrise	🌇	Sunset	city sunrise photo good morning dawn
places	bridge_at_night	🌉	Bridge at Night	photo sanfrancisco
places	hotsprings	♨️	Hot Springs	hotsprings bath warm relax
places	carousel_horse	🎠	Carousel Horse	photo carnival
places	playground_slide	🛝	Playground Slide	fun park
places	ferris_wheel	🎡	Ferris Wheel	photo carnival londoneye
places	roller_coaster	🎢	Roller Coaster	carnival playground photo fun
places	barber	💈	Barber Pole	hair salon style
places	circus_tent	🎪	Circus Tent	festival carnival party
places	steam_locomotive	🚂	Locomotive	steam transportation vehicle train
places	railway_car	🚃	Railway Car	transportation vehicle
places	bullettrain_side	🚄	High-Speed Train	bullettrain side high speed transportation vehicle
places	bullettrain_front	🚅	Bullet Train	bullettrain front transportation vehicle speed fast public travel
places	train2	🚆	Train	train2 transportation vehicle
places	metro	🚇	Metro	transportation blue square mrt underground tube
places	light_rail	🚈	Light Rail	transportation vehicle
places	station	🚉	Station	transportation vehicle public
places	tram	🚊	Tram	transportation vehicle
places	monorail	🚝	Monorail	transportation vehicle
places	mountain_railway	🚞	Mountain Railway	transportation vehicle
places	train	🚋	Tram Car	train transportation vehicle carriage public travel
places	bus	🚌	Bus	car vehicle transportation
places	oncoming_bus	🚍	Oncoming Bus	vehicle transportation
places	trolleybus	🚎	Trolleybus	bart transportation vehicle
places	minibus	🚐	Minibus	vehicle car transportation
places	ambulance	🚑	Ambulance	health 911 hospital
places	fire_engine	🚒	Fire Engine	transportation cars vehicle
places	police_car	🚓	Police Car	vehicle cars transportation law legal enforcement
places	oncoming_police_car	🚔	Oncoming Police Car	vehicle law legal enforcement 911
places	taxi	🚕	Taxi	uber vehicle cars transportation
places	oncoming_taxi	🚖	Oncoming Taxi	vehicle cars uber
places	car	🚗	Automobile	car red transportation vehicle
places	oncoming_automobile	🚘	Oncoming Automobile	car vehicle transportation
places	blue_car	🚙	Recreational Vehicle	blue car sport utility transportation
places	pickup_truck	🛻	Pickup Truck	car transportation
places	truck	🚚	Delivery Truck	cars transportation
places	articulated_lorry	🚛	Articulated Lorry	vehicle cars transportation express
places	tractor	🚜	Tractor	vehicle car farming agriculture
places	racing_car	🏎️	Racing Car	sports race fast formula f1
places	racing_motorcycle	🏍️	Motorcycle	racing race sports fast
places	motor_scooter	🛵	Motor Scooter	vehicle vespa sasha
places	manual_wheelchair	🦽	Manual Wheelchair	accessibility
places	motorized_wheelchair	🦼	Motorized Wheelchair	accessibility
places	auto_rickshaw	🛺	Auto Rickshaw	move transportation
places	bike	🚲	Bicycle	bike sports exercise hipster
places	scooter	🛴	Scooter	kick vehicle razor
places	skateboard	🛹	Skateboard	board
places	roller_skate	🛼	Roller Skate	footwear sports
places	busstop	🚏	Bus Stop	busstop transportation wait
places	motorway	🛣️	Motorway	road cupertino interstate highway
places	railway_track	🛤️	Railway Track	train transportation
places	oil_drum	🛢️	Oil Drum	barrell
places	fuelpump	⛽	Fuel Pump	fuelpump gas station petroleum
places	wheel	🛞	Wheel	car transport
places	rotating_light	🚨	Police Car Light	rotating ambulance 911 emergency alert error pinged law legal
places	traffic_light	🚥	Horizontal Traffic Light	transportation signal
places	vertical_traffic_light	🚦	Vertical Traffic Light	transportation driving
places	octagonal_sign	🛑	Stop Sign	octagonal
places	construction	🚧	Construction	wip progress caution warning
places	anchor	⚓	Anchor	ship ferry sea boat
places	ring_buoy	🛟	Ring Buoy	life saver preserver
places	boat	⛵	Sailboat	boat ship summer transportation water sailing
places	canoe	🛶	Canoe	boat paddle water ship
places	speedboat	🚤	Speedboat	ship transportation vehicle summer
places	passenger_ship	🛳️	Passenger Ship	yacht cruise ferry
places	ferry	⛴️	Ferry	boat ship yacht
places	motor_boat	🛥️	Motor Boat	ship
places	ship	🚢	Ship	transportation titanic deploy
places	airplane	✈️	Airplane	vehicle transportation flight fly
places	small_airplane	🛩️	Small Airplane	flight transportation fly vehicle
places	airplane_departure	🛫	Airplane Departure	airport flight landing
places	airplane_arriving	🛬	Airplane Arrival	arriving airport flight boarding
places	parachute	🪂	Parachute	fly glide
places	seat	💺	Seat	sit airplane transport bus flight fly
places	helicopter	🚁	Helicopter	transportation vehicle fly
places	suspension_railway	🚟	Suspension Railway	vehicle transportation
places	mountain_cableway	🚠	Mountain Cableway	transportation vehicle ski
places	aerial_tramway	🚡	Aerial Tramway	transportation vehicle ski
places	satellite	🛰️	Satellite	communication gps orbit spaceflight NASA ISS
places	rocket	🚀	Rocket	launch ship staffmode NASA outer space fly
places	flying_saucer	🛸	Flying Saucer	transportation vehicle ufo
places	bellhop_bell	🛎️	Bellhop Bell	service
places	luggage	🧳	Luggage	packing travel
places	hourglass	⌛	Hourglass	done time clock oldschool limit exam quiz test
places	hourglass_flowing_sand	⏳	Hourglass Not Done	flowing sand oldschool time countdown
places	watch	⌚	Watch	time accessories
places	alarm_clock	⏰	Alarm Clock	time wake
places	stopwatch	⏱️	Stopwatch	time deadline
places	timer_clock	⏲️	Timer Clock	alarm
places	mantelpiece_clock	🕰️	Mantelpiece Clock	time
places	clock12	🕛	Twelve O’clock	clock12 o clock 12 00:00 0000 12:00 1200 time noon midnight midday late early schedule
places	clock1230	🕧	Twelve-Thirty	clock1230 twelve thirty 00:30 0030 12:30 1230 time late early schedule
places	clock1	🕐	One O’clock	clock1 o clock 1 1:00 100 13:00 1300 time late early schedule
places	clock130	🕜	One-Thirty	clock130 one thirty 1:30 130 13:30 1330 time late early schedule
places	clock2	🕑	Two O’clock	clock2 o clock 2 2:00 200 14:00 1400 time late early schedule
places	clock230	🕝	Two-Thirty	clock230 two thirty 2:30 230 14:30 1430 time late early schedule
places	clock3	🕒	Three O’clock	clock3 o clock 3 3:00 300 15:00 1500 time late early schedule
places	clock330	🕞	Three-Thirty	clock330 three thirty 3:30 330 15:30 1530 time late early schedule
places	clock4	🕓	Four O’clock	clock4 o clock 4 4:00 400 16:00 1600 time late early schedule
places	clock430	🕟	Four-Thirty	clock430 four thirty 4:30 430 16:30 1630 time late early schedule
places	clock5	🕔	Five O’clock	clock5 o clock 5 5:00 500 17:00 1700 time late early schedule
places	clock530	🕠	Five-Thirty	clock530 five thirty 5:30 530 17:30 1730 time late early schedule
places	clock6	🕕	Six O’clock	clock6 o clock 6 6:00 600 18:00 1800 time late early schedule dawn dusk
places	clock630	🕡	Six-Thirty	clock630 six thirty 6:30 630 18:30 1830 time late early schedule
places	clock7	🕖	Seven O’clock	clock7 o clock 7 7:00 700 19:00 1900 time late early schedule
places	clock730	🕢	Seven-Thirty	clock730 seven thirty 7:30 730 19:30 1930 time late early schedule
places	clock8	🕗	Eight O’clock	clock8 o clock 8 8:00 800 20:00 2000 time late early schedule
places	clock830	🕣	Eight-Thirty	clock830 eight thirty 8:30 830 20:30 2030 time late early schedule
places	clock9	🕘	Nine O’clock	clock9 o clock 9 9:00 900 21:00 2100 time late early schedule
places	clock930	🕤	Nine-Thirty	clock930 nine thirty 9:30 930 21:30 2130 time late early schedule
places	clock10	🕙	Ten O’clock	clock10 o clock 10 10:00 1000 22:00 2200 time late early schedule
places	clock1030	🕥	Ten-Thirty	clock1030 ten thirty 10:30 1030 22:30 2230 time late early schedule
places	clock11	🕚	Eleven O’clock	clock11 o clock 11 11:00 1100 23:00 2300 time late early schedule
places	clock1130	🕦	Eleven-Thirty	clock1130 eleven thirty 11:30 1130 23:30 2330 time late early schedule
places	new_moon	🌑	New Moon	nature twilight planet space night evening sleep
places	waxing_crescent_moon	🌒	Waxing Crescent Moon	nature twilight planet space night evening sleep
places	first_quarter_moon	🌓	First Quarter Moon	nature twilight planet space night evening sleep
places	moon	🌔	Waxing Gibbous Moon	nature night sky gray twilight planet space evening sleep
places	full_moon	🌕	Full Moon	nature yellow twilight planet space night evening sleep
places	waning_gibbous_moon	🌖	Waning Gibbous Moon	nature twilight planet space night evening sleep waxing
places	last_quarter_moon	🌗	Last Quarter Moon	nature twilight planet space night evening sleep
places	waning_crescent_moon	🌘	Waning Crescent Moon	nature twilight planet space night evening sleep
places	crescent_moon	🌙	Crescent Moon	night sleep sky evening magic
places	new_moon_with_face	🌚	New Moon Face	with nature twilight planet space night evening sleep
places	first_quarter_moon_with_face	🌛	First Quarter Moon Face	with nature twilight planet space night evening sleep
places	last_quarter_moon_with_face	🌜	Last Quarter Moon Face	with nature twilight planet space night evening sleep
places	thermometer	🌡️	Thermometer	weather temperature hot cold
places	sunny	☀️	Sun	sunny weather nature brightness summer beach spring
places	full_moon_with_face	🌝	Full Moon Face	with nature twilight planet space night evening sleep
places	sun_with_face	🌞	Sun with Face	nature morning sky
places	ringed_planet	🪐	Ringed Planet	outerspace
places	star	⭐	Star	night yellow
places	star2	🌟	Glowing Star	star2 night sparkle awesome good magic
places	stars	🌠	Shooting Star	stars night photo
places	milky_way	🌌	Milky Way	photo space stars
places	cloud	☁️	Cloud	weather sky
places	partly_sunny	⛅	Sun Behind Cloud	partly sunny weather nature cloudy morning fall spring
places	thunder_cloud_and_rain	⛈️	Cloud with Lightning and Rain	thunder weather
places	mostly_sunny	🌤️	Sun Behind Small Cloud	mostly sunny weather
places	barely_sunny	🌥️	Sun Behind Large Cloud	barely sunny weather
places	partly_sunny_rain	🌦️	Sun Behind Rain Cloud	partly sunny weather
places	rain_cloud	🌧️	Cloud with Rain	weather
places	snow_cloud	🌨️	Cloud with Snow	weather
places	lightning	🌩️	Cloud with Lightning	weather thunder
places	tornado	🌪️	Tornado	cloud weather cyclone twister
places	fog	🌫️	Fog	weather
places	wind_blowing_face	🌬️	Wind Face	blowing gust air
places	cyclone	🌀	Cyclone	weather swirl blue cloud vortex spiral whirlpool spin tornado hurricane typhoon
places	rainbow	🌈	Rainbow	nature happy unicorn face photo sky spring
places	closed_umbrella	🌂	Closed Umbrella	weather rain drizzle
places	umbrella	☂️	Umbrella	weather spring
places	umbrella_with_rain_drops	☔	Umbrella with Rain Drops	rainy weather spring
places	umbrella_on_ground	⛱️	Umbrella on Ground	weather summer
places	zap	⚡	High Voltage	zap thunder weather lightning bolt fast
places	snowflake	❄️	Snowflake	winter season cold weather christmas xmas
places	snowman	☃️	Snowman	winter season cold weather christmas xmas frozen
places	snowman_without_snow	⛄	Snowman Without Snow	winter season cold weather christmas xmas frozen
places	comet	☄️	Comet	space
places	fire	🔥	Fire	hot cook flame
places	droplet	💧	Droplet	water drip faucet spring
places	ocean	🌊	Water Wave	ocean sea nature tsunami disaster
objects	eyeglasses	👓	Glasses	eyeglasses fashion accessories eyesight nerdy dork geek
objects	dark_sunglasses	🕶️	Sunglasses	dark face cool accessories
objects	goggles	🥽	Goggles	eyes protection safety
objects	lab_coat	🥼	Lab Coat	doctor experiment scientist chemist
objects	safety_vest	🦺	Safety Vest	protection
objects	necktie	👔	Necktie	shirt suitup formal fashion cloth business
objects	shirt	👕	T-Shirt	shirt tshirt t fashion cloth casual tee
objects	jeans	👖	Jeans	fashion shopping
objects	scarf	🧣	Scarf	neck winter clothes
objects	gloves	🧤	Gloves	hands winter clothes
objects	coat	🧥	Coat	jacket
objects	socks	🧦	Socks	stockings clothes
objects	dress	👗	Dress	clothes fashion shopping
objects	kimono	👘	Kimono	dress fashion women female japanese
objects	sari	🥻	Sari	dress
objects	one-piece_swimsuit	🩱	One-Piece Swimsuit	one piece fashion
objects	briefs	🩲	Briefs	clothing
objects	shorts	🩳	Shorts	clothing
objects	bikini	👙	Bikini	swimming female woman girl fashion beach summer
objects	womans_clothes	👚	Womans Clothes	woman s fashion shopping bags female
objects	folding_hand_fan	🪭	Folding Hand Fan	flamenco hot
objects	purse	👛	Purse	fashion accessories money sales shopping
objects	handbag	👜	Handbag	fashion accessory accessories shopping
objects	pouch	👝	Pouch	clutch bag accessories shopping
objects	shopping_bags	🛍️	Shopping Bags	mall buy purchase
objects	school_satchel	🎒	Backpack	school satchel student education bag
objects	thong_sandal	🩴	Thong Sandal	footwear summer
objects	mans_shoe	👞	Mans Shoe	man s fashion male
objects	athletic_shoe	👟	Running Shoe	athletic shoes sports sneakers
objects	hiking_boot	🥾	Hiking Boot	backpacking camping
objects	womans_flat_shoe	🥿	Flat Shoe	womans ballet slip on slipper
objects	high_heel	👠	High-Heeled Shoe	high heel heeled fashion shoes female pumps stiletto
objects	sandal	👡	Womans Sandal	woman s shoes fashion flip flops
objects	ballet_shoes	🩰	Ballet Shoes	dance
objects	boot	👢	Womans Boots	boot woman s shoes fashion
objects	hair_pick	🪮	Hair Pick	afro comb
objects	crown	👑	Crown	king kod leader royalty lord
objects	womans_hat	👒	Womans Hat	woman s fashion accessories female lady spring
objects	tophat	🎩	Top Hat	tophat magic gentleman classy circus
objects	mortar_board	🎓	Graduation Cap	mortar board school college degree university hat legal learn education
objects	billed_cap	🧢	Billed Cap	baseball
objects	military_helmet	🪖	Military Helmet	army protection
objects	helmet_with_white_cross	⛑️	Rescue Worker’s Helmet	with white cross worker s construction build
objects	prayer_beads	📿	Prayer Beads	dhikr religious
objects	lipstick	💄	Lipstick	female girl fashion woman
objects	ring	💍	Ring	wedding propose marriage valentines diamond fashion jewelry gem engagement
objects	gem	💎	Gem Stone	blue ruby diamond jewelry
objects	mute	🔇	Muted Speaker	mute sound volume silence quiet
objects	speaker	🔈	Speaker	low volume sound silence broadcast
objects	sound	🔉	Speaker Medium Volume	sound broadcast
objects	loud_sound	🔊	Speaker High Volume	loud sound noise noisy broadcast
objects	loudspeaker	📢	Loudspeaker	volume sound
objects	mega	📣	Megaphone	mega sound speaker volume
objects	postal_horn	📯	Postal Horn	instrument music
objects	bell	🔔	Bell	sound notification christmas xmas chime
objects	no_bell	🔕	Bell with Slash	no sound volume mute quiet silent
objects	musical_score	🎼	Musical Score	treble clef compose
objects	musical_note	🎵	Musical Note	score tone sound
objects	notes	🎶	Musical Notes	music score
objects	studio_microphone	🎙️	Studio Microphone	sing recording artist talkshow
objects	level_slider	🎚️	Level Slider	scale
objects	control_knobs	🎛️	Control Knobs	dial
objects	microphone	🎤	Microphone	sound music PA sing talkshow
objects	headphones	🎧	Headphone	headphones music score gadgets
objects	radio	📻	Radio	communication music podcast program
objects	saxophone	🎷	Saxophone	music instrument jazz blues
objects	accordion	🪗	Accordion	music
objects	guitar	🎸	Guitar	music instrument
objects	musical_keyboard	🎹	Musical Keyboard	piano instrument compose
objects	trumpet	🎺	Trumpet	music brass
objects	violin	🎻	Violin	music instrument orchestra symphony
objects	banjo	🪕	Banjo	music instructment
objects	drum_with_drumsticks	🥁	Drum	with drumsticks music instrument snare
objects	long_drum	🪘	Long Drum	music
objects	maracas	🪇	Maracas	music instrument percussion
objects	flute	🪈	Flute	bamboo music instrument pied piper
objects	iphone	📱	Mobile Phone	iphone technology apple gadgets dial
objects	calling	📲	Mobile Phone with Arrow	calling iphone incoming
objects	phone	☎️	Telephone	phone technology communication dial
objects	telephone_receiver	📞	Telephone Receiver	technology communication dial
objects	pager	📟	Pager	bbcall oldschool 90s
objects	fax	📠	Fax Machine	communication technology
objects	battery	🔋	Battery	power energy sustain
objects	low_battery	🪫	Low Battery	drained dead
objects	electric_plug	🔌	Electric Plug	charger power
objects	computer	💻	Laptop	computer technology screen display monitor
objects	desktop_computer	🖥️	Desktop Computer	technology computing screen
objects	printer	🖨️	Printer	paper ink
objects	keyboard	⌨️	Keyboard	technology computer type input text
objects	three_button_mouse	🖱️	Computer Mouse	three button click
objects	trackball	🖲️	Trackball	technology trackpad
objects	minidisc	💽	Minidisc	computer disk technology record data 90s
objects	floppy_disk	💾	Floppy Disk	oldschool technology save 90s 80s
objects	cd	💿	Optical Disc	cd disk technology dvd 90s
objects	dvd	📀	Dvd	cd disk disc
objects	abacus	🧮	Abacus	calculation
objects	movie_camera	🎥	Movie Camera	film record
objects	film_frames	🎞️	Film Frames	movie
objects	film_projector	📽️	Film Projector	video tape record movie
objects	clapper	🎬	Clapper Board	movie film record
objects	tv	📺	Television	tv technology program oldschool show
objects	camera	📷	Camera	gadgets photography
objects	camera_with_flash	📸	Camera with Flash	photography gadgets
objects	video_camera	📹	Video Camera	film record
objects	vhs	📼	Videocassette	vhs record video oldschool 90s 80s
objects	mag	🔍	Magnifying Glass Tilted Left	mag search zoom find detective
objects	mag_right	🔎	Magnifying Glass Tilted Right	mag search zoom find detective
objects	candle	🕯️	Candle	fire wax
objects	bulb	💡	Light Bulb	electricity idea
objects	flashlight	🔦	Flashlight	dark camping sight night
objects	izakaya_lantern	🏮	Izakaya Lantern	red paper light halloween spooky
objects	diya_lamp	🪔	Diya Lamp	lighting
objects	notebook_with_decorative_cover	📔	Notebook with Decorative Cover	classroom notes record paper study
objects	closed_book	📕	Closed Book	read library knowledge textbook learn
objects	book	📖	Open Book	read library knowledge literature learn study
objects	green_book	📗	Green Book	read library knowledge study
objects	blue_book	📘	Blue Book	read library knowledge learn study
objects	orange_book	📙	Orange Book	read library knowledge textbook study
objects	books	📚	Books	literature library study
objects	notebook	📓	Notebook	stationery record notes paper study
objects	ledger	📒	Ledger	notes paper
objects	page_with_curl	📃	Page with Curl	documents office paper
objects	scroll	📜	Scroll	documents ancient history paper
objects	page_facing_up	📄	Page Facing Up	documents office paper information
objects	newspaper	📰	Newspaper	press headline
objects	rolled_up_newspaper	🗞️	Rolled-Up Newspaper	rolled up press headline
objects	bookmark_tabs	📑	Bookmark Tabs	favorite save order tidy
objects	bookmark	🔖	Bookmark	favorite label save
objects	label	🏷️	Label	sale tag
objects	moneybag	💰	Money Bag	moneybag dollar payment coins sale
objects	coin	🪙	Coin	money currency
objects	yen	💴	Yen Banknote	money sales japanese dollar currency
objects	dollar	💵	Dollar Banknote	money sales bill currency
objects	euro	💶	Euro Banknote	money sales dollar currency
objects	pound	💷	Pound Banknote	british sterling money sales bills uk england currency
objects	money_with_wings	💸	Money with Wings	dollar bills payment sale
objects	credit_card	💳	Credit Card	money sales dollar bill payment shopping
objects	receipt	🧾	Receipt	accounting expenses
objects	chart	💹	Chart Increasing with Yen	green square graph presentation stats
objects	email	✉️	Envelope	email letter postal inbox communication
objects	e-mail	📧	E-Mail	e mail communication inbox
objects	incoming_envelope	📨	Incoming Envelope	email inbox
objects	envelope_with_arrow	📩	Envelope with Arrow	email communication
objects	outbox_tray	📤	Outbox Tray	inbox email
objects	inbox_tray	📥	Inbox Tray	email documents
objects	package	📦	Package	mail gift cardboard box moving
objects	mailbox	📫	Closed Mailbox with Raised Flag	email inbox communication
objects	mailbox_closed	📪	Closed Mailbox with Lowered Flag	email communication inbox
objects	mailbox_with_mail	📬	Open Mailbox with Raised Flag	mail email inbox communication
objects	mailbox_with_no_mail	📭	Open Mailbox with Lowered Flag	no mail email inbox
objects	postbox	📮	Postbox	email letter envelope
objects	ballot_box_with_ballot	🗳️	Ballot Box with Ballot	election vote
objects	pencil2	✏️	Pencil	pencil2 stationery write paper writing school study
objects	black_nib	✒️	Black Nib	pen stationery writing write
objects	lower_left_fountain_pen	🖋️	Fountain Pen	lower left stationery writing write
objects	lower_left_ballpoint_pen	🖊️	Pen	lower left ballpoint stationery writing write
objects	lower_left_paintbrush	🖌️	Paintbrush	lower left drawing creativity art
objects	lower_left_crayon	🖍️	Crayon	lower left drawing creativity
objects	memo	📝	Memo	pencil write documents stationery paper writing legal exam quiz test study compose
objects	briefcase	💼	Briefcase	business documents work law legal job career
objects	file_folder	📁	File Folder	documents business office
objects	open_file_folder	📂	Open File Folder	documents load
objects	card_index_dividers	🗂️	Card Index Dividers	organizing business stationery
objects	date	📅	Calendar	date schedule
objects	calendar	📆	Tear-off Calendar	tear off schedule date planning
objects	spiral_note_pad	🗒️	Spiral Notepad	note pad memo stationery
objects	spiral_calendar_pad	🗓️	Spiral Calendar	pad date schedule planning
objects	card_index	📇	Card Index	business stationery
objects	chart_with_upwards_trend	📈	Chart Increasing	with upwards trend graph presentation stats recovery business economics money sales good success
objects	chart_with_downwards_trend	📉	Chart Decreasing	with downwards trend graph presentation stats recession business economics money sales bad failure
objects	bar_chart	📊	Bar Chart	graph presentation stats
objects	clipboard	📋	Clipboard	stationery documents
objects	pushpin	📌	Pushpin	stationery mark here
objects	round_pushpin	📍	Round Pushpin	stationery location map here
objects	paperclip	📎	Paperclip	documents stationery
objects	linked_paperclips	🖇️	Linked Paperclips	documents stationery
objects	straight_ruler	📏	Straight Ruler	stationery calculate length math school drawing architect sketch
objects	triangular_ruler	📐	Triangular Ruler	stationery math architect sketch
objects	scissors	✂️	Scissors	stationery cut
objects	card_file_box	🗃️	Card File Box	business stationery
objects	file_cabinet	🗄️	File Cabinet	filing organizing
objects	wastebasket	🗑️	Wastebasket	bin trash rubbish garbage toss
objects	lock	🔒	Lock	locked security password padlock
objects	unlock	🔓	Unlocked	unlock privacy security
objects	lock_with_ink_pen	🔏	Locked with Pen	lock ink security secret
objects	closed_lock_with_key	🔐	Locked with Key	closed lock security privacy
objects	key	🔑	Key	lock door password
objects	old_key	🗝️	Old Key	lock door password
objects	hammer	🔨	Hammer	tools build create
objects	axe	🪓	Axe	tool chop cut
objects	pick	⛏️	Pick	tools dig
objects	hammer_and_pick	⚒️	Hammer and Pick	tools build create
objects	hammer_and_wrench	🛠️	Hammer and Wrench	tools build create
objects	dagger_knife	🗡️	Dagger	knife weapon
objects	crossed_swords	⚔️	Crossed Swords	weapon
objects	bomb	💣	Bomb	boom explode explosion terrorism
objects	boomerang	🪃	Boomerang	weapon
objects	bow_and_arrow	🏹	Bow and Arrow	sports
objects	shield	🛡️	Shield	protection security
objects	carpentry_saw	🪚	Carpentry Saw	cut chop
objects	wrench	🔧	Wrench	tools diy ikea fix maintainer
objects	screwdriver	🪛	Screwdriver	tools
objects	nut_and_bolt	🔩	Nut and Bolt	handy tools fix
objects	gear	⚙️	Gear	cog
objects	compression	🗜️	Clamp	compression tool
objects	scales	⚖️	Balance Scale	scales law fairness weight
objects	probing_cane	🦯	White Cane	probing accessibility
objects	link	🔗	Link	rings url
objects	chains	⛓️	Chains	lock arrest
objects	hook	🪝	Hook	tools
objects	toolbox	🧰	Toolbox	tools diy fix maintainer mechanic
objects	magnet	🧲	Magnet	attraction magnetic
objects	ladder	🪜	Ladder	tools
objects	alembic	⚗️	Alembic	distilling science experiment chemistry
objects	test_tube	🧪	Test Tube	chemistry experiment lab science
objects	petri_dish	🧫	Petri Dish	bacteria biology culture lab
objects	dna	🧬	Dna	biologist genetics life
objects	microscope	🔬	Microscope	laboratory experiment zoomin science study
objects	telescope	🔭	Telescope	stars space zoom science astronomy
objects	satellite_antenna	📡	Satellite Antenna	communication future radio space
objects	syringe	💉	Syringe	health hospital drugs blood medicine needle doctor nurse
objects	drop_of_blood	🩸	Drop of Blood	period hurt harm wound
objects	pill	💊	Pill	health medicine doctor pharmacy drug
objects	adhesive_bandage	🩹	Adhesive Bandage	heal
objects	crutch	🩼	Crutch	accessibility assist
objects	stethoscope	🩺	Stethoscope	health
objects	x-ray	🩻	X-Ray	x ray skeleton medicine
objects	door	🚪	Door	house entry exit
objects	elevator	🛗	Elevator	lift
objects	mirror	🪞	Mirror	reflection
objects	window	🪟	Window	scenery
objects	bed	🛏️	Bed	sleep rest
objects	couch_and_lamp	🛋️	Couch and Lamp	read chill
objects	chair	🪑	Chair	sit furniture
objects	toilet	🚽	Toilet	restroom wc washroom bathroom potty
objects	plunger	🪠	Plunger	toilet
objects	shower	🚿	Shower	clean water bathroom
objects	bathtub	🛁	Bathtub	clean shower bathroom
objects	mouse_trap	🪤	Mouse Trap	cheese
objects	razor	🪒	Razor	cut
objects	lotion_bottle	🧴	Lotion Bottle	moisturizer sunscreen
objects	safety_pin	🧷	Safety Pin	diaper
objects	broom	🧹	Broom	cleaning sweeping witch
objects	basket	🧺	Basket	laundry
objects	roll_of_paper	🧻	Roll of Paper	
objects	bucket	🪣	Bucket	water container
objects	soap	🧼	Soap	bar bathing cleaning lather
objects	bubbles	🫧	Bubbles	soap fun carbonation sparkling
objects	toothbrush	🪥	Toothbrush	hygiene dental
objects	sponge	🧽	Sponge	absorbing cleaning porous
objects	fire_extinguisher	🧯	Fire Extinguisher	quench
objects	shopping_trolley	🛒	Shopping Cart	trolley
objects	smoking	🚬	Cigarette	smoking kills tobacco joint smoke
objects	coffin	⚰️	Coffin	vampire dead die death rip graveyard cemetery casket funeral box
objects	headstone	🪦	Headstone	death rip grave
objects	funeral_urn	⚱️	Funeral Urn	dead die death rip ashes
objects	nazar_amulet	🧿	Nazar Amulet	bead charm
objects	hamsa	🪬	Hamsa	religion protection
objects	moyai	🗿	Moai	moyai rock easter island
objects	placard	🪧	Placard	announcement
objects	identification_card	🪪	Identification Card	document
symbols	atm	🏧	Atm Sign	money sales cash blue square payment bank
symbols	put_litter_in_its_place	🚮	Litter in Bin Sign	put its place blue square human info
symbols	potable_water	🚰	Potable Water	blue square liquid restroom cleaning faucet
symbols	wheelchair	♿	Wheelchair Symbol	blue square disabled accessibility
symbols	mens	🚹	Men’s Room	mens men s toilet restroom wc blue square gender male
symbols	womens	🚺	Women’s Room	womens women s purple square woman female toilet loo restroom gender
symbols	restroom	🚻	Restroom	blue square toilet refresh wc gender
symbols	baby_symbol	🚼	Baby Symbol	orange square child
symbols	wc	🚾	Water Closet	wc toilet restroom blue square
symbols	passport_control	🛂	Passport Control	custom blue square
symbols	customs	🛃	Customs	passport border blue square
symbols	baggage_claim	🛄	Baggage Claim	blue square airport transport
symbols	left_luggage	🛅	Left Luggage	blue square travel
symbols	warning	⚠️	Warning	exclamation wip alert error problem issue
symbols	children_crossing	🚸	Children Crossing	school warning danger sign driving yellow diamond
symbols	no_entry	⛔	No Entry	limit security privacy bad denied stop circle
symbols	no_entry_sign	🚫	Prohibited	no entry sign forbid stop limit denied disallow circle
symbols	no_bicycles	🚳	No Bicycles	cyclist prohibited circle
symbols	no_smoking	🚭	No Smoking	cigarette blue square smell smoke
symbols	do_not_litter	🚯	No Littering	do not litter trash bin garbage circle
symbols	non-potable_water	🚱	Non-Potable Water	non potable drink faucet tap circle
symbols	no_pedestrians	🚷	No Pedestrians	rules crossing walking circle
symbols	no_mobile_phones	📵	No Mobile Phones	iphone mute circle
symbols	underage	🔞	No One Under Eighteen	underage 18 drink pub night minor circle
symbols	radioactive_sign	☢️	Radioactive	sign nuclear danger
symbols	biohazard_sign	☣️	Biohazard	sign danger
symbols	arrow_up	⬆️	Up Arrow	blue square continue top direction
symbols	arrow_upper_right	↗️	Up-Right Arrow	upper right up blue square point direction diagonal northeast
symbols	arrow_right	➡️	Right Arrow	blue square next
symbols	arrow_lower_right	↘️	South East Arrow	lower right down blue square direction diagonal southeast
symbols	arrow_down	⬇️	Down Arrow	blue square direction bottom
symbols	arrow_lower_left	↙️	Down-Left Arrow	lower left down blue square direction diagonal southwest
symbols	arrow_left	⬅️	Left Arrow	blue square previous back
symbols	arrow_upper_left	↖️	Up-Left Arrow	upper left up blue square point direction diagonal northwest
symbols	arrow_up_down	↕️	Up Down Arrow	blue square direction way vertical
symbols	left_right_arrow	↔️	Left Right Arrow	shape direction horizontal sideways
symbols	leftwards_arrow_with_hook	↩️	Right Arrow Curving Left	leftwards with hook back return blue square undo enter
symbols	arrow_right_hook	↪️	Left Arrow Curving Right	hook blue square return rotate direction
symbols	arrow_heading_up	⤴️	Right Arrow Curving Up	heading blue square direction top
symbols	arrow_heading_down	⤵️	Right Arrow Curving Down	heading blue square direction bottom
symbols	arrows_clockwise	🔃	Clockwise Vertical Arrows	sync cycle round repeat
symbols	arrows_counterclockwise	🔄	Counterclockwise Arrows Button	blue square sync cycle
symbols	back	🔙	Back Arrow	words return
symbols	end	🔚	End Arrow	words
symbols	on	🔛	On! Arrow	on words
symbols	soon	🔜	Soon Arrow	words
symbols	top	🔝	Top Arrow	words blue square
symbols	place_of_worship	🛐	Place of Worship	religion church temple prayer
symbols	atom_symbol	⚛️	Atom Symbol	science physics chemistry
symbols	om_symbol	🕉️	Om	symbol hinduism buddhism sikhism jainism
symbols	star_of_david	✡️	Star of David	judaism
symbols	wheel_of_dharma	☸️	Wheel of Dharma	hinduism buddhism sikhism jainism
symbols	yin_yang	☯️	Yin Yang	balance
symbols	latin_cross	✝️	Latin Cross	christianity
symbols	orthodox_cross	☦️	Orthodox Cross	suppedaneum religion
symbols	star_and_crescent	☪️	Star and Crescent	islam
symbols	peace_symbol	☮️	Peace Symbol	hippie
symbols	menorah_with_nine_branches	🕎	Menorah	with nine branches hanukkah candles jewish
symbols	six_pointed_star	🔯	Dotted Six-Pointed Star	six pointed purple square religion jewish hexagram
symbols	khanda	🪯	Khanda	Sikhism religion
symbols	aries	♈	Aries	sign purple square zodiac astrology
symbols	taurus	♉	Taurus	purple square sign zodiac astrology
symbols	gemini	♊	Gemini	sign zodiac purple square astrology
symbols	cancer	♋	Cancer	sign zodiac purple square astrology
symbols	leo	♌	Leo	sign purple square zodiac astrology
symbols	virgo	♍	Virgo	sign zodiac purple square astrology
symbols	libra	♎	Libra	sign purple square zodiac astrology
symbols	scorpius	♏	Scorpio	scorpius sign zodiac purple square astrology
symbols	sagittarius	♐	Sagittarius	sign zodiac purple square astrology
symbols	capricorn	♑	Capricorn	sign zodiac purple square astrology
symbols	aquarius	♒	Aquarius	sign purple square zodiac astrology
symbols	pisces	♓	Pisces	purple square sign zodiac astrology
symbols	ophiuchus	⛎	Ophiuchus	sign purple square constellation astrology
symbols	twisted_rightwards_arrows	🔀	Shuffle Tracks Button	twisted rightwards arrows blue square music random
symbols	repeat	🔁	Repeat Button	loop record
symbols	repeat_one	🔂	Repeat Single Button	one blue square loop
symbols	arrow_forward	▶️	Play Button	arrow forward blue square right direction
symbols	fast_forward	⏩	Fast-Forward Button	fast forward blue square play speed continue
symbols	black_right_pointing_double_triangle_with_vertical_bar	⏭️	Next Track Button	black right pointing double triangle with vertical bar forward blue square
symbols	black_right_pointing_triangle_with_double_vertical_bar	⏯️	Play or Pause Button	black right pointing triangle with double vertical bar blue square
symbols	arrow_backward	◀️	Reverse Button	arrow backward blue square left direction
symbols	rewind	⏪	Fast Reverse Button	rewind play blue square
symbols	black_left_pointing_double_triangle_with_vertical_bar	⏮️	Last Track Button	black left pointing double triangle with vertical bar backward
symbols	arrow_up_small	🔼	Upwards Button	arrow up small blue square triangle direction point forward top
symbols	arrow_double_up	⏫	Fast Up Button	arrow double blue square direction top
symbols	arrow_down_small	🔽	Downwards Button	arrow down small blue square direction bottom
symbols	arrow_double_down	⏬	Fast Down Button	arrow double blue square direction bottom
symbols	double_vertical_bar	⏸️	Pause Button	double vertical bar blue square
symbols	black_square_for_stop	⏹️	Stop Button	black square for blue
symbols	black_circle_for_record	⏺️	Record Button	black circle for blue square
symbols	eject	⏏️	Eject Button	blue square
symbols	cinema	🎦	Cinema	blue square record film movie curtain stage theater
symbols	low_brightness	🔅	Dim Button	low brightness sun afternoon warm summer
symbols	high_brightness	🔆	Bright Button	high brightness sun light
symbols	signal_strength	📶	Antenna Bars	signal strength blue square reception phone internet connection wifi bluetooth
symbols	wireless	🛜	Wireless	wifi internet contactless signal
symbols	vibration_mode	📳	Vibration Mode	orange square phone
symbols	mobile_phone_off	📴	Mobile Phone off	mute orange square silence quiet
symbols	female_sign	♀️	Female Sign	woman women lady girl
symbols	male_sign	♂️	Male Sign	man boy men
symbols	transgender_symbol	⚧️	Transgender Symbol	lgbtq
symbols	heavy_multiplication_x	✖️	Multiply	heavy multiplication x sign math calculation
symbols	heavy_plus_sign	➕	Plus	heavy sign math calculation addition more increase
symbols	heavy_minus_sign	➖	Minus	heavy sign math calculation subtract less
symbols	heavy_division_sign	➗	Divide	heavy division sign math calculation
symbols	heavy_equals_sign	🟰	Heavy Equals Sign	math
symbols	infinity	♾️	Infinity	forever
symbols	bangbang	‼️	Double Exclamation Mark	bangbang surprise
symbols	interrobang	⁉️	Exclamation Question Mark	interrobang wat punctuation surprise
symbols	question	❓	Red Question Mark	doubt confused
symbols	grey_question	❔	White Question Mark	grey doubts gray huh confused
symbols	grey_exclamation	❕	White Exclamation Mark	grey surprise punctuation gray wow warning
symbols	exclamation	❗	Red Exclamation Mark	heavy danger surprise punctuation wow warning
symbols	wavy_dash	〰️	Wavy Dash	draw line moustache mustache squiggle scribble
symbols	currency_exchange	💱	Currency Exchange	money sales dollar travel
symbols	heavy_dollar_sign	💲	Heavy Dollar Sign	money sales payment currency buck
symbols	medical_symbol	⚕️	Medical Symbol	staff of aesculapius health hospital
symbols	recycle	♻️	Recycling Symbol	recycle arrow environment garbage trash
symbols	fleur_de_lis	⚜️	Fleur-De-Lis	fleur de lis decorative scout
symbols	trident	🔱	Trident Emblem	weapon spear
symbols	name_badge	📛	Name Badge	fire forbid
symbols	beginner	🔰	Japanese Symbol for Beginner	badge shield
symbols	o	⭕	Hollow Red Circle	o round
symbols	white_check_mark	✅	Check Mark Button	white green square ok agree vote election answer tick
symbols	ballot_box_with_check	☑️	Check Box with Check	ballot ok agree confirm black square vote election yes tick
symbols	heavy_check_mark	✔️	Check Mark	heavy ok nike answer yes tick
symbols	x	❌	Cross Mark	x no delete remove cancel red
symbols	negative_squared_cross_mark	❎	Cross Mark Button	negative squared x green square no deny
symbols	curly_loop	➰	Curly Loop	scribble draw shape squiggle
symbols	loop	➿	Double Curly Loop	tape cassette
symbols	part_alternation_mark	〽️	Part Alternation Mark	graph presentation stats business economics bad
symbols	eight_spoked_asterisk	✳️	Eight Spoked Asterisk	star sparkle green square
symbols	eight_pointed_black_star	✴️	Eight-Pointed Star	eight pointed black orange square shape polygon
symbols	sparkle	❇️	Sparkle	stars green square awesome good fireworks
symbols	copyright	©️	Copyright	ip license circle law legal
symbols	registered	®️	Registered	alphabet circle
symbols	tm	™️	Trade Mark	tm trademark brand law legal
symbols	hash	#️⃣	Hash Key	keycap  symbol blue square twitter
symbols	keycap_star	*️⃣	Keycap: *	keycap star 
symbols	zero	0️⃣	Keycap 0	zero numbers blue square null
symbols	one	1️⃣	Keycap 1	one blue square numbers
symbols	two	2️⃣	Keycap 2	two numbers prime blue square
symbols	three	3️⃣	Keycap 3	three numbers prime blue square
symbols	four	4️⃣	Keycap 4	four numbers blue square
symbols	five	5️⃣	Keycap 5	five numbers blue square prime
symbols	six	6️⃣	Keycap 6	six numbers blue square
symbols	seven	7️⃣	Keycap 7	seven numbers blue square prime
symbols	eight	8️⃣	Keycap 8	eight blue square numbers
symbols	nine	9️⃣	Keycap 9	nine blue square numbers
symbols	keycap_ten	🔟	Keycap 10	ten numbers blue square
symbols	capital_abcd	🔠	Input Latin Uppercase	capital abcd alphabet words blue square
symbols	abcd	🔡	Input Latin Lowercase	abcd blue square alphabet
symbols	1234	🔢	Input Numbers	1234 blue square 1 2 3 4
symbols	symbols	🔣	Input Symbols	blue square music note ampersand percent glyphs characters
symbols	abc	🔤	Input Latin Letters	abc blue square alphabet
symbols	a	🅰️	A Button (blood Type)	red square alphabet letter
symbols	ab	🆎	Negative Squared Ab	button red square alphabet
symbols	b	🅱️	B Button (blood Type)	red square alphabet letter
symbols	cl	🆑	Cl Button	alphabet words red square
symbols	cool	🆒	Cool Button	words blue square
symbols	free	🆓	Free Button	blue square words
symbols	information_source	ℹ️	Information	source blue square alphabet letter
symbols	id	🆔	Id Button	purple square words
symbols	m	Ⓜ️	Circled M	alphabet blue circle letter
symbols	new	🆕	New Button	blue square words start
symbols	ng	🆖	Ng Button	blue square words shape icon
symbols	o2	🅾️	O Button (blood Type)	o2 alphabet red square letter
symbols	ok	🆗	Ok Button	good agree yes blue square
symbols	parking	🅿️	P Button	parking cars blue square alphabet letter
symbols	sos	🆘	Sos Button	help red square words emergency 911
symbols	up	🆙	Up! Button	up blue square above high
symbols	vs	🆚	Vs Button	words orange square
symbols	koko	🈁	Squared Katakana Koko	japanese here button blue square destination
symbols	sa	🈂️	Squared Katakana Sa	japanese service charge button blue square
symbols	u6708	🈷️	Japanese “monthly Amount” Button	u6708 monthly amount chinese month moon orange square kanji
symbols	u6709	🈶	Squared Cjk Unified Ideograph-6709	u6709 japanese not free of charge button orange square chinese have kanji
symbols	u6307	🈯	Japanese “reserved” Button	u6307 reserved chinese point green square kanji
symbols	ideograph_advantage	🉐	Japanese “bargain” Button	ideograph advantage bargain chinese kanji obtain get circle
symbols	u5272	🈹	Japanese “discount” Button	u5272 discount cut divide chinese kanji pink square
symbols	u7121	🈚	Japanese “free of Charge” Button	u7121 free charge nothing chinese kanji orange square
symbols	u7981	🈲	Japanese “prohibited” Button	u7981 prohibited kanji chinese forbidden limit restricted red square
symbols	accept	🉑	Circled Ideograph Accept	japanese acceptable button ok good chinese kanji agree yes orange circle
symbols	u7533	🈸	Japanese “application” Button	u7533 application chinese kanji orange square
symbols	u5408	🈴	Japanese “passing Grade” Button	u5408 passing grade chinese join kanji red square
symbols	u7a7a	🈳	Japanese “vacancy” Button	u7a7a vacancy kanji chinese empty sky blue square
symbols	congratulations	㊗️	Circled Ideograph Congratulation	congratulations japanese button chinese kanji red circle
symbols	secret	㊙️	Circled Ideograph Secret	japanese button privacy chinese sshh kanji red circle
symbols	u55b6	🈺	Squared Cjk Unified Ideograph-55b6	u55b6 japanese open for business button opening hours orange square
symbols	u6e80	🈵	Japanese “no Vacancy” Button	u6e80 no vacancy full chinese red square kanji
symbols	red_circle	🔴	Red Circle	shape error danger
symbols	large_orange_circle	🟠	Orange Circle	large round
symbols	large_yellow_circle	🟡	Yellow Circle	large round
symbols	large_green_circle	🟢	Green Circle	large round
symbols	large_blue_circle	🔵	Blue Circle	large shape icon button
symbols	large_purple_circle	🟣	Purple Circle	large round
symbols	large_brown_circle	🟤	Brown Circle	large round
symbols	black_circle	⚫	Black Circle	shape button round
symbols	white_circle	⚪	White Circle	shape round
symbols	large_red_square	🟥	Red Square	large
symbols	large_orange_square	🟧	Orange Square	large
symbols	large_yellow_square	🟨	Yellow Square	large
symbols	large_green_square	🟩	Green Square	large
symbols	large_blue_square	🟦	Blue Square	large
symbols	large_purple_square	🟪	Purple Square	large
symbols	large_brown_square	🟫	Brown Square	large
symbols	black_large_square	⬛	Black Large Square	shape icon button
symbols	white_large_square	⬜	White Large Square	shape icon stone button
symbols	black_medium_square	◼️	Black Medium Square	shape button icon
symbols	white_medium_square	◻️	White Medium Square	shape stone icon
symbols	black_medium_small_square	◾	Black Medium Small Square	icon shape button
symbols	white_medium_small_square	◽	White Medium Small Square	shape stone icon button
symbols	black_small_square	▪️	Black Small Square	shape icon
symbols	white_small_square	▫️	White Small Square	shape icon
symbols	large_orange_diamond	🔶	Large Orange Diamond	shape jewel gem
symbols	large_blue_diamond	🔷	Large Blue Diamond	shape jewel gem
symbols	small_orange_diamond	🔸	Small Orange Diamond	shape jewel gem
symbols	small_blue_diamond	🔹	Small Blue Diamond	shape jewel gem
symbols	small_red_triangle	🔺	Red Triangle Pointed Up	small shape direction top
symbols	small_red_triangle_down	🔻	Red Triangle Pointed Down	small shape direction bottom
symbols	diamond_shape_with_a_dot_inside	💠	Diamond with a Dot	shape inside jewel blue gem crystal fancy
symbols	radio_button	🔘	Radio Button	input old music circle
symbols	white_square_button	🔳	White Square Button	shape input
symbols	black_square_button	🔲	Black Square Button	shape input frame
flags	checkered_flag	🏁	Chequered Flag	checkered contest finishline race gokart
flags	cn	🇨🇳	China Flag	cn chinese prc country nation banner
flags	crossed_flags	🎌	Crossed Flags	japanese nation country border
flags	de	🇩🇪	Germany Flag	de german nation country banner
flags	es	🇪🇸	Spain Flag	es nation country banner
flags	flag-ac	🇦🇨	Ascension Island Flag	ac
flags	flag-ad	🇦🇩	Andorra Flag	ad nation country banner
flags	flag-ae	🇦🇪	United Arab Emirates Flag	ae nation country banner
flags	flag-af	🇦🇫	Afghanistan Flag	af nation country banner
flags	flag-ag	🇦🇬	Antigua & Barbuda Flag	ag nation country banner
flags	flag-ai	🇦🇮	Anguilla Flag	ai nation country banner
flags	flag-al	🇦🇱	Albania Flag	al nation country banner
flags	flag-am	🇦🇲	Armenia Flag	am nation country banner
flags	flag-ao	🇦🇴	Angola Flag	ao nation country banner
flags	flag-aq	🇦🇶	Antarctica Flag	aq nation country banner
flags	flag-ar	🇦🇷	Argentina Flag	ar nation country banner
flags	flag-as	🇦🇸	American Samoa Flag	as ws nation country banner
flags	flag-at	🇦🇹	Austria Flag	at nation country banner
flags	flag-au	🇦🇺	Australia Flag	au nation country banner
flags	flag-aw	🇦🇼	Aruba Flag	aw nation country banner
flags	flag-ax	🇦🇽	Åland Islands Flag	ax aland Aland nation country banner
flags	flag-az	🇦🇿	Azerbaijan Flag	az nation country banner
flags	flag-ba	🇧🇦	Bosnia & Herzegovina Flag	ba nation country banner
flags	flag-bb	🇧🇧	Barbados Flag	bb nation country banner
flags	flag-bd	🇧🇩	Bangladesh Flag	bd nation country banner
flags	flag-be	🇧🇪	Belgium Flag	be nation country banner
flags	flag-bf	🇧🇫	Burkina Faso Flag	bf nation country banner
flags	flag-bg	🇧🇬	Bulgaria Flag	bg nation country banner
flags	flag-bh	🇧🇭	Bahrain Flag	bh nation country banner
flags	flag-bi	🇧🇮	Burundi Flag	bi nation country banner
flags	flag-bj	🇧🇯	Benin Flag	bj nation country banner
flags	flag-bl	🇧🇱	St. Barthélemy Flag	bl st barthelemy saint nation country banner
flags	flag-bm	🇧🇲	Bermuda Flag	bm nation country banner
flags	flag-bn	🇧🇳	Brunei Flag	bn darussalam nation country banner
flags	flag-bo	🇧🇴	Bolivia Flag	bo nation country banner
flags	flag-bq	🇧🇶	Caribbean Netherlands Flag	bq bonaire nation country banner
flags	flag-br	🇧🇷	Brazil Flag	br nation country banner
flags	flag-bs	🇧🇸	Bahamas Flag	bs nation country banner
flags	flag-bt	🇧🇹	Bhutan Flag	bt nation country banner
flags	flag-bv	🇧🇻	Bouvet Island Flag	bv norway
flags	flag-bw	🇧🇼	Botswana Flag	bw nation country banner
flags	flag-by	🇧🇾	Belarus Flag	by nation country banner
flags	flag-bz	🇧🇿	Belize Flag	bz nation country banner
flags	flag-ca	🇨🇦	Canada Flag	ca nation country banner
flags	flag-cc	🇨🇨	Cocos (keeling) Islands Flag	cc keeling nation country banner
flags	flag-cd	🇨🇩	Congo - Kinshasa Flag	cd democratic republic nation country banner
flags	flag-cf	🇨🇫	Central African Republic Flag	cf nation country banner
flags	flag-cg	🇨🇬	Congo - Brazzaville Flag	cg nation country banner
flags	flag-ch	🇨🇭	Switzerland Flag	ch nation country banner
flags	flag-ci	🇨🇮	Côte D’ivoire Flag	ci cote d ivoire ivory coast nation country banner
flags	flag-ck	🇨🇰	Cook Islands Flag	ck nation country banner
flags	flag-cl	🇨🇱	Chile Flag	cl nation country banner
flags	flag-cm	🇨🇲	Cameroon Flag	cm nation country banner
flags	flag-co	🇨🇴	Colombia Flag	co nation country banner
flags	flag-cp	🇨🇵	Clipperton Island Flag	cp
flags	flag-cr	🇨🇷	Costa Rica Flag	cr nation country banner
flags	flag-cu	🇨🇺	Cuba Flag	cu nation country banner
flags	flag-cv	🇨🇻	Cape Verde Flag	cv cabo nation country banner
flags	flag-cw	🇨🇼	Curaçao Flag	cw curacao nation country banner
flags	flag-cx	🇨🇽	Christmas Island Flag	cx nation country banner
flags	flag-cy	🇨🇾	Cyprus Flag	cy nation country banner
flags	flag-cz	🇨🇿	Czechia Flag	cz nation country banner
flags	flag-dg	🇩🇬	Diego Garcia Flag	dg
flags	flag-dj	🇩🇯	Djibouti Flag	dj nation country banner
flags	flag-dk	🇩🇰	Denmark Flag	dk nation country banner
flags	flag-dm	🇩🇲	Dominica Flag	dm nation country banner
flags	flag-do	🇩🇴	Dominican Republic Flag	do nation country banner
flags	flag-dz	🇩🇿	Algeria Flag	dz nation country banner
flags	flag-ea	🇪🇦	Ceuta & Melilla Flag	ea
flags	flag-ec	🇪🇨	Ecuador Flag	ec nation country banner
flags	flag-ee	🇪🇪	Estonia Flag	ee nation country banner
flags	flag-eg	🇪🇬	Egypt Flag	eg nation country banner
flags	flag-eh	🇪🇭	Western Sahara Flag	eh nation country banner
flags	flag-england	🏴󠁧󠁢󠁥󠁮󠁧󠁿	England Flag	english
flags	flag-er	🇪🇷	Eritrea Flag	er nation country banner
flags	flag-et	🇪🇹	Ethiopia Flag	et nation country banner
flags	flag-eu	🇪🇺	European Union Flag	eu banner
flags	flag-fi	🇫🇮	Finland Flag	fi nation country banner
flags	flag-fj	🇫🇯	Fiji Flag	fj nation country banner
flags	flag-fk	🇫🇰	Falkland Islands Flag	fk malvinas nation country banner
flags	flag-fm	🇫🇲	Micronesia Flag	fm federated states nation country banner
flags	flag-fo	🇫🇴	Faroe Islands Flag	fo nation country banner
flags	flag-ga	🇬🇦	Gabon Flag	ga nation country banner
flags	flag-gd	🇬🇩	Grenada Flag	gd nation country banner
flags	flag-ge	🇬🇪	Georgia Flag	ge nation country banner
flags	flag-gf	🇬🇫	French Guiana Flag	gf nation country banner
flags	flag-gg	🇬🇬	Guernsey Flag	gg nation country banner
flags	flag-gh	🇬🇭	Ghana Flag	gh nation country banner
flags	flag-gi	🇬🇮	Gibraltar Flag	gi nation country banner
flags	flag-gl	🇬🇱	Greenland Flag	gl nation country banner
flags	flag-gm	🇬🇲	Gambia Flag	gm nation country banner
flags	flag-gn	🇬🇳	Guinea Flag	gn nation country banner
flags	flag-gp	🇬🇵	Guadeloupe Flag	gp nation country banner
flags	flag-gq	🇬🇶	Equatorial Guinea Flag	gq gn nation country banner
flags	flag-gr	🇬🇷	Greece Flag	gr nation country banner
flags	flag-gs	🇬🇸	South Georgia & South Sandwich Islands Flag	gs nation country banner
flags	flag-gt	🇬🇹	Guatemala Flag	gt nation country banner
flags	flag-gu	🇬🇺	Guam Flag	gu nation country banner
flags	flag-gw	🇬🇼	Guinea-Bissau Flag	gw guinea bissau nation country banner
flags	flag-gy	🇬🇾	Guyana Flag	gy nation country banner
flags	flag-hk	🇭🇰	Hong Kong Sar China Flag	hk nation country banner
flags	flag-hm	🇭🇲	Heard & Mcdonald Islands Flag	hm
flags	flag-hn	🇭🇳	Honduras Flag	hn nation country banner
flags	flag-hr	🇭🇷	Croatia Flag	hr nation country banner
flags	flag-ht	🇭🇹	Haiti Flag	ht nation country banner
flags	flag-hu	🇭🇺	Hungary Flag	hu nation country banner
flags	flag-ic	🇮🇨	Canary Islands Flag	ic nation country banner
flags	flag-id	🇮🇩	Indonesia Flag	id nation country banner
flags	flag-ie	🇮🇪	Ireland Flag	ie nation country banner
flags	flag-il	🇮🇱	Israel Flag	il nation country banner
flags	flag-im	🇮🇲	Isle of Man Flag	im nation country banner
flags	flag-in	🇮🇳	India Flag	in nation country banner
flags	flag-io	🇮🇴	British Indian Ocean Territory Flag	io nation country banner
flags	flag-iq	🇮🇶	Iraq Flag	iq nation country banner
flags	flag-ir	🇮🇷	Iran Flag	ir islamic republic nation country banner
flags	flag-is	🇮🇸	Iceland Flag	is nation country banner
flags	flag-je	🇯🇪	Jersey Flag	je nation country banner
flags	flag-jm	🇯🇲	Jamaica Flag	jm nation country banner
flags	flag-jo	🇯🇴	Jordan Flag	jo nation country banner
flags	flag-ke	🇰🇪	Kenya Flag	ke nation country banner
flags	flag-kg	🇰🇬	Kyrgyzstan Flag	kg nation country banner
flags	flag-kh	🇰🇭	Cambodia Flag	kh nation country banner
flags	flag-ki	🇰🇮	Kiribati Flag	ki nation country banner
flags	flag-km	🇰🇲	Comoros Flag	km nation country banner
flags	flag-kn	🇰🇳	St. Kitts & Nevis Flag	kn st saint nation country banner
flags	flag-kp	🇰🇵	North Korea Flag	kp nation country banner
flags	flag-kw	🇰🇼	Kuwait Flag	kw nation country banner
flags	flag-ky	🇰🇾	Cayman Islands Flag	ky nation country banner
flags	flag-kz	🇰🇿	Kazakhstan Flag	kz nation country banner
flags	flag-la	🇱🇦	Laos Flag	la lao democratic republic nation country banner
flags	flag-lb	🇱🇧	Lebanon Flag	lb nation country banner
flags	flag-lc	🇱🇨	St. Lucia Flag	lc st saint nation country banner
flags	flag-li	🇱🇮	Liechtenstein Flag	li nation country banner
flags	flag-lk	🇱🇰	Sri Lanka Flag	lk nation country banner
flags	flag-lr	🇱🇷	Liberia Flag	lr nation country banner
flags	flag-ls	🇱🇸	Lesotho Flag	ls nation country banner
flags	flag-lt	🇱🇹	Lithuania Flag	lt nation country banner
flags	flag-lu	🇱🇺	Luxembourg Flag	lu nation country banner
flags	flag-lv	🇱🇻	Latvia Flag	lv nation country banner
flags	flag-ly	🇱🇾	Libya Flag	ly nation country banner
flags	flag-ma	🇲🇦	Morocco Flag	ma nation country banner
flags	flag-mc	🇲🇨	Monaco Flag	mc nation country banner
flags	flag-md	🇲🇩	Moldova Flag	md republic nation country banner
flags	flag-me	🇲🇪	Montenegro Flag	me nation country banner
flags	flag-mf	🇲🇫	St. Martin Flag	mf st
flags	flag-mg	🇲🇬	Madagascar Flag	mg nation country banner
flags	flag-mh	🇲🇭	Marshall Islands Flag	mh nation country banner
flags	flag-mk	🇲🇰	North Macedonia Flag	mk nation country banner
flags	flag-ml	🇲🇱	Mali Flag	ml nation country banner
flags	flag-mm	🇲🇲	Myanmar (burma) Flag	mm nation country banner
flags	flag-mn	🇲🇳	Mongolia Flag	mn nation country banner
flags	flag-mo	🇲🇴	Macao Sar China Flag	mo nation country banner
flags	flag-mp	🇲🇵	Northern Mariana Islands Flag	mp nation country banner
flags	flag-mq	🇲🇶	Martinique Flag	mq nation country banner
flags	flag-mr	🇲🇷	Mauritania Flag	mr nation country banner
flags	flag-ms	🇲🇸	Montserrat Flag	ms nation country banner
flags	flag-mt	🇲🇹	Malta Flag	mt nation country banner
flags	flag-mu	🇲🇺	Mauritius Flag	mu nation country banner
flags	flag-mv	🇲🇻	Maldives Flag	mv nation country banner
flags	flag-mw	🇲🇼	Malawi Flag	mw nation country banner
flags	flag-mx	🇲🇽	Mexico Flag	mx nation country banner
flags	flag-my	🇲🇾	Malaysia Flag	my nation country banner
flags	flag-mz	🇲🇿	Mozambique Flag	mz nation country banner
flags	flag-na	🇳🇦	Namibia Flag	na nation country banner
flags	flag-nc	🇳🇨	New Caledonia Flag	nc nation country banner
flags	flag-ne	🇳🇪	Niger Flag	ne nation country banner
flags	flag-nf	🇳🇫	Norfolk Island Flag	nf nation country banner
flags	flag-ng	🇳🇬	Nigeria Flag	ng nation country banner
flags	flag-ni	🇳🇮	Nicaragua Flag	ni nation country banner
flags	flag-nl	🇳🇱	Netherlands Flag	nl nation country banner
flags	flag-no	🇳🇴	Norway Flag	no nation country banner
flags	flag-np	🇳🇵	Nepal Flag	np nation country banner
flags	flag-nr	🇳🇷	Nauru Flag	nr nation country banner
flags	flag-nu	🇳🇺	Niue Flag	nu nation country banner
flags	flag-nz	🇳🇿	New Zealand Flag	nz nation country banner
flags	flag-om	🇴🇲	Oman Flag	om symbol nation country banner
flags	flag-pa	🇵🇦	Panama Flag	pa nation country banner
flags	flag-pe	🇵🇪	Peru Flag	pe nation country banner
flags	flag-pf	🇵🇫	French Polynesia Flag	pf nation country banner
flags	flag-pg	🇵🇬	Papua New Guinea Flag	pg nation country banner
flags	flag-ph	🇵🇭	Philippines Flag	ph nation country banner
flags	flag-pk	🇵🇰	Pakistan Flag	pk nation country banner
flags	flag-pl	🇵🇱	Poland Flag	pl nation country banner
flags	flag-pm	🇵🇲	St. Pierre & Miquelon Flag	pm st saint nation country banner
flags	flag-pn	🇵🇳	Pitcairn Islands Flag	pn nation country banner
flags	flag-pr	🇵🇷	Puerto Rico Flag	pr nation country banner
flags	flag-ps	🇵🇸	Palestinian Territories Flag	ps palestine nation country banner
flags	flag-pt	🇵🇹	Portugal Flag	pt nation country banner
flags	flag-pw	🇵🇼	Palau Flag	pw nation country banner
flags	flag-py	🇵🇾	Paraguay Flag	py nation country banner
flags	flag-qa	🇶🇦	Qatar Flag	qa nation country banner
flags	flag-re	🇷🇪	Réunion Flag	re reunion nation country banner
flags	flag-ro	🇷🇴	Romania Flag	ro nation country banner
flags	flag-rs	🇷🇸	Serbia Flag	rs nation country banner
flags	flag-rw	🇷🇼	Rwanda Flag	rw nation country banner
flags	flag-sa	🇸🇦	Saudi Arabia Flag	sa nation country banner
flags	flag-sb	🇸🇧	Solomon Islands Flag	sb nation country banner
flags	flag-sc	🇸🇨	Seychelles Flag	sc nation country banner
flags	flag-scotland	🏴󠁧󠁢󠁳󠁣󠁴󠁿	Scotland Flag	scottish
flags	flag-sd	🇸🇩	Sudan Flag	sd nation country banner
flags	flag-se	🇸🇪	Sweden Flag	se nation country banner
flags	flag-sg	🇸🇬	Singapore Flag	sg nation country banner
flags	flag-sh	🇸🇭	St. Helena Flag	sh st saint ascension tristan cunha nation country banner
flags	flag-si	🇸🇮	Slovenia Flag	si nation country banner
flags	flag-sj	🇸🇯	Svalbard & Jan Mayen Flag	sj
flags	flag-sk	🇸🇰	Slovakia Flag	sk nation country banner
flags	flag-sl	🇸🇱	Sierra Leone Flag	sl nation country banner
flags	flag-sm	🇸🇲	San Marino Flag	sm nation country banner
flags	flag-sn	🇸🇳	Senegal Flag	sn nation country banner
flags	flag-so	🇸🇴	Somalia Flag	so nation country banner
flags	flag-sr	🇸🇷	Suriname Flag	sr nation country banner
flags	flag-ss	🇸🇸	South Sudan Flag	ss sd nation country banner
flags	flag-st	🇸🇹	São Tomé & Príncipe Flag	st sao tome principe nation country banner
flags	flag-sv	🇸🇻	El Salvador Flag	sv nation country banner
flags	flag-sx	🇸🇽	Sint Maarten Flag	sx dutch nation country banner
flags	flag-sy	🇸🇾	Syria Flag	sy syrian arab republic nation country banner
flags	flag-sz	🇸🇿	Eswatini Flag	sz nation country banner
flags	flag-ta	🇹🇦	Tristan Da Cunha Flag	ta
flags	flag-tc	🇹🇨	Turks & Caicos Islands Flag	tc nation country banner
flags	flag-td	🇹🇩	Chad Flag	td nation country banner
flags	flag-tf	🇹🇫	French Southern Territories Flag	tf nation country banner
flags	flag-tg	🇹🇬	Togo Flag	tg nation country banner
flags	flag-th	🇹🇭	Thailand Flag	th nation country banner
flags	flag-tj	🇹🇯	Tajikistan Flag	tj nation country banner
flags	flag-tk	🇹🇰	Tokelau Flag	tk nation country banner
flags	flag-tl	🇹🇱	Timor-Leste Flag	tl timor leste nation country banner
flags	flag-tm	🇹🇲	Turkmenistan Flag	tm nation country banner
flags	flag-tn	🇹🇳	Tunisia Flag	tn nation country banner
flags	flag-to	🇹🇴	Tonga Flag	to nation country banner
flags	flag-tr	🇹🇷	Turkey Flag	tr nation country banner
flags	flag-tt	🇹🇹	Trinidad & Tobago Flag	tt nation country banner
flags	flag-tv	🇹🇻	Tuvalu Flag	tv nation country banner
flags	flag-tw	🇹🇼	Taiwan Flag	tw nation country banner
flags	flag-tz	🇹🇿	Tanzania Flag	tz united republic nation country banner
flags	flag-ua	🇺🇦	Ukraine Flag	ua nation country banner
flags	flag-ug	🇺🇬	Uganda Flag	ug nation country banner
flags	flag-um	🇺🇲	U.s. Outlying Islands Flag	um u s
flags	flag-un	🇺🇳	United Nations Flag	un banner
flags	flag-uy	🇺🇾	Uruguay Flag	uy nation country banner
flags	flag-uz	🇺🇿	Uzbekistan Flag	uz nation country banner
flags	flag-va	🇻🇦	Vatican City Flag	va nation country banner
flags	flag-vc	🇻🇨	St. Vincent & Grenadines Flag	vc st saint nation country banner
flags	flag-ve	🇻🇪	Venezuela Flag	ve bolivarian republic nation country banner
flags	flag-vg	🇻🇬	British Virgin Islands Flag	vg bvi nation country banner
flags	flag-vi	🇻🇮	U.s. Virgin Islands Flag	vi u s us nation country banner
flags	flag-vn	🇻🇳	Vietnam Flag	vn viet nam nation country banner
flags	flag-vu	🇻🇺	Vanuatu Flag	vu nation country banner
flags	flag-wales	🏴󠁧󠁢󠁷󠁬󠁳󠁿	Wales Flag	welsh
flags	flag-wf	🇼🇫	Wallis & Futuna Flag	wf nation country banner
flags	flag-ws	🇼🇸	Samoa Flag	ws nation country banner
flags	flag-xk	🇽🇰	Kosovo Flag	xk nation country banner
flags	flag-ye	🇾🇪	Yemen Flag	ye nation country banner
flags	flag-yt	🇾🇹	Mayotte Flag	yt nation country banner
flags	flag-za	🇿🇦	South Africa Flag	za nation country banner
flags	flag-zm	🇿🇲	Zambia Flag	zm nation country banner
flags	flag-zw	🇿🇼	Zimbabwe Flag	zw nation country banner
flags	fr	🇫🇷	France Flag	fr banner nation french country
flags	gb	🇬🇧	United Kingdom Flag	gb uk great britain northern ireland nation country banner british UK english england union jack
flags	it	🇮🇹	Italy Flag	it nation country banner
flags	jp	🇯🇵	Japan Flag	jp japanese nation country banner ja
flags	kr	🇰🇷	South Korea Flag	kr nation country banner
flags	pirate_flag	🏴‍☠️	Pirate Flag	skull crossbones banner
flags	rainbow-flag	🏳️‍🌈	Rainbow Flag	pride gay lgbt glbt queer homosexual lesbian bisexual transgender
flags	ru	🇷🇺	Russia Flag	ru russian federation nation country banner
flags	transgender_flag	🏳️‍⚧️	Transgender Flag	lgbtq
flags	triangular_flag_on_post	🚩	Triangular Flag	on post mark milestone place
flags	us	🇺🇸	United States Flag	us america nation country banner
flags	waving_black_flag	🏴	Black Flag	waving pirate
flags	waving_white_flag	🏳️	White Flag	waving losing loser lost surrender give up fail
